total_count,climate_count,covid_count,ukraine_count,date1
19,,,,23/09/15 00:00
6,,,,24/09/15 00:00
6,,,,25/09/15 00:00
3,,,,27/09/15 00:00
4,,,,28/09/15 00:00
5,,,,29/09/15 00:00
5,,,,30/09/15 00:00
11,,,,01/10/15 00:00
3,,,,02/10/15 00:00
6,,,,03/10/15 00:00
6,,,,05/10/15 00:00
1,,,,06/10/15 00:00
8,,,,08/10/15 00:00
4,,,,09/10/15 00:00
5,,,,10/10/15 00:00
5,,,,11/10/15 00:00
2,,,,12/10/15 00:00
1,,,,13/10/15 00:00
3,,,,14/10/15 00:00
3,,,,15/10/15 00:00
6,,,,16/10/15 00:00
1,,,,17/10/15 00:00
3,,,,18/10/15 00:00
3,,,,20/10/15 00:00
7,,,,21/10/15 00:00
5,,,,22/10/15 00:00
3,,,,23/10/15 00:00
3,,,,24/10/15 00:00
4,,,,25/10/15 00:00
7,,,,27/10/15 00:00
5,,,,28/10/15 00:00
4,,,,29/10/15 00:00
4,,,,30/10/15 00:00
4,,,,01/11/15 00:00
5,,,,02/11/15 00:00
4,,,,03/11/15 00:00
1,,,,04/11/15 00:00
1,,,,05/11/15 00:00
1,,,,08/11/15 00:00
5,,,,11/11/15 00:00
3,,,,13/11/15 00:00
2,,,,14/11/15 00:00
2,,,,15/11/15 00:00
1,,,,17/11/15 00:00
4,,,,18/11/15 00:00
7,,,,19/11/15 00:00
3,,,,21/11/15 00:00
1,,,,23/11/15 00:00
1,,,,24/11/15 00:00
5,,,,25/11/15 00:00
1,,,,26/11/15 00:00
3,,,,28/11/15 00:00
2,,,,29/11/15 00:00
2,,,,30/11/15 00:00
4,,,,01/12/15 00:00
5,,,,02/12/15 00:00
3,,,,04/12/15 00:00
4,,,,05/12/15 00:00
5,,,,06/12/15 00:00
2,,,,07/12/15 00:00
1,,,,09/12/15 00:00
6,,,,10/12/15 00:00
4,,,,11/12/15 00:00
4,,,,15/12/15 00:00
2,,,,16/12/15 00:00
5,,,,17/12/15 00:00
2,,,,18/12/15 00:00
1,,,,19/12/15 00:00
2,,,,21/12/15 00:00
3,,,,22/12/15 00:00
2,,,,23/12/15 00:00
3,,,,24/12/15 00:00
4,,,,26/12/15 00:00
2,,,,27/12/15 00:00
1,,,,29/12/15 00:00
1,,,,31/12/15 00:00
1,,,,02/01/16 00:00
1,,,,03/01/16 00:00
34,,,,04/01/16 00:00
47,,,,05/01/16 00:00
41,,,,06/01/16 00:00
51,,,,07/01/16 00:00
51,,,,08/01/16 00:00
38,,,,09/01/16 00:00
26,,,,10/01/16 00:00
65,,,,11/01/16 00:00
55,,,,12/01/16 00:00
72,,,,13/01/16 00:00
69,,,,14/01/16 00:00
57,,,,15/01/16 00:00
29,,,,16/01/16 00:00
23,1,,,17/01/16 00:00
52,,,,18/01/16 00:00
80,,,,19/01/16 00:00
68,,,,20/01/16 00:00
71,,,,21/01/16 00:00
66,,,,22/01/16 00:00
30,,,,23/01/16 00:00
18,,,1,24/01/16 00:00
41,,,,25/01/16 00:00
66,,,,26/01/16 00:00
65,,,,27/01/16 00:00
50,,,,28/01/16 00:00
48,,,,29/01/16 00:00
33,,,,30/01/16 00:00
33,,,,31/01/16 00:00
50,,,,01/02/16 00:00
58,,,,02/02/16 00:00
53,,,,03/02/16 00:00
45,,,,04/02/16 00:00
51,,,,05/02/16 00:00
32,,,,06/02/16 00:00
22,,,,07/02/16 00:00
63,,,,08/02/16 00:00
79,1,,,09/02/16 00:00
72,,,,10/02/16 00:00
63,,,,11/02/16 00:00
64,,,,12/02/16 00:00
43,,,,13/02/16 00:00
31,,,,14/02/16 00:00
35,,,,15/02/16 00:00
51,,,,16/02/16 00:00
43,,,1,17/02/16 00:00
54,,,1,18/02/16 00:00
46,,,,19/02/16 00:00
37,,,,20/02/16 00:00
32,,,,21/02/16 00:00
51,,,,22/02/16 00:00
68,,,,23/02/16 00:00
73,,,,24/02/16 00:00
50,,,,25/02/16 00:00
55,,,,26/02/16 00:00
31,,,,27/02/16 00:00
26,,,,28/02/16 00:00
57,,,,29/02/16 00:00
45,,,,01/03/16 00:00
56,,,,02/03/16 00:00
58,,,1,03/03/16 00:00
72,,,,04/03/16 00:00
37,,,,05/03/16 00:00
38,,,,06/03/16 00:00
59,,,,07/03/16 00:00
53,,,,08/03/16 00:00
78,,,2,09/03/16 00:00
69,,,,10/03/16 00:00
48,,,,11/03/16 00:00
39,,,,12/03/16 00:00
27,,,,13/03/16 00:00
53,,,,14/03/16 00:00
23,,,,15/03/16 00:00
47,,,,16/03/16 00:00
42,,,,17/03/16 00:00
55,,,,18/03/16 00:00
32,,,,19/03/16 00:00
26,,,,20/03/16 00:00
55,,,,21/03/16 00:00
78,,,2,22/03/16 00:00
41,,,,23/03/16 00:00
73,,,,24/03/16 00:00
46,,,,25/03/16 00:00
26,,,,26/03/16 00:00
38,,,,27/03/16 00:00
19,,,,28/03/16 00:00
26,,,,29/03/16 00:00
46,,,,30/03/16 00:00
45,,,,31/03/16 00:00
54,,,,01/04/16 00:00
46,,,,02/04/16 00:00
50,,,1,03/04/16 00:00
52,,,,04/04/16 00:00
69,,,1,05/04/16 00:00
41,,,,06/04/16 00:00
60,,,,07/04/16 00:00
61,,,,08/04/16 00:00
45,,,,09/04/16 00:00
37,,,,10/04/16 00:00
50,,,,11/04/16 00:00
64,,,,12/04/16 00:00
72,,,,13/04/16 00:00
69,,,,14/04/16 00:00
83,,1,,15/04/16 00:00
44,,,,16/04/16 00:00
58,,,,17/04/16 00:00
27,,,,18/04/16 00:00
59,,,,19/04/16 00:00
73,,,,20/04/16 00:00
64,,,,21/04/16 00:00
56,,,,22/04/16 00:00
41,1,,,23/04/16 00:00
34,,,,24/04/16 00:00
43,,,,25/04/16 00:00
56,,,,26/04/16 00:00
72,,,,27/04/16 00:00
65,,,,28/04/16 00:00
47,,,,29/04/16 00:00
52,,,,30/04/16 00:00
32,,,,01/05/16 00:00
53,,,,02/05/16 00:00
47,,,,03/05/16 00:00
80,,,,04/05/16 00:00
57,,,,05/05/16 00:00
52,,,,06/05/16 00:00
45,,,,07/05/16 00:00
44,,,,08/05/16 00:00
57,,,,09/05/16 00:00
68,,,,10/05/16 00:00
88,,,2,11/05/16 00:00
76,,,1,12/05/16 00:00
79,,,,13/05/16 00:00
50,,,2,14/05/16 00:00
50,,,,15/05/16 00:00
57,,,,16/05/16 00:00
72,,,,17/05/16 00:00
95,,,,18/05/16 00:00
64,,,,19/05/16 00:00
72,,,,20/05/16 00:00
36,,,,21/05/16 00:00
48,,,,22/05/16 00:00
57,,,,23/05/16 00:00
79,,,,24/05/16 00:00
55,,,,25/05/16 00:00
75,,,1,26/05/16 00:00
78,,,,27/05/16 00:00
45,,,,28/05/16 00:00
34,,,,29/05/16 00:00
61,,,,30/05/16 00:00
71,,,,31/05/16 00:00
73,,,,01/06/16 00:00
68,,,,02/06/16 00:00
59,,,,03/06/16 00:00
51,,,,04/06/16 00:00
47,,,,05/06/16 00:00
62,,,,06/06/16 00:00
58,,,,07/06/16 00:00
57,,,,08/06/16 00:00
63,,,,09/06/16 00:00
53,,,,10/06/16 00:00
44,,,,11/06/16 00:00
41,,,,12/06/16 00:00
51,,,,13/06/16 00:00
66,,,,14/06/16 00:00
64,,,,15/06/16 00:00
80,,,1,16/06/16 00:00
62,1,,,17/06/16 00:00
52,,,,18/06/16 00:00
50,,,,19/06/16 00:00
47,,,,20/06/16 00:00
68,,1,,21/06/16 00:00
73,,,,22/06/16 00:00
46,,,,23/06/16 00:00
53,,,,24/06/16 00:00
42,,,,25/06/16 00:00
44,,,,26/06/16 00:00
65,,,,27/06/16 00:00
60,,,,28/06/16 00:00
50,,,,29/06/16 00:00
54,,,,30/06/16 00:00
66,,,,01/07/16 00:00
37,,,,02/07/16 00:00
32,,,,03/07/16 00:00
54,,,,04/07/16 00:00
59,,,,05/07/16 00:00
70,,,,06/07/16 00:00
68,,,,07/07/16 00:00
56,,,,08/07/16 00:00
42,,,,09/07/16 00:00
40,,,,10/07/16 00:00
43,,,,11/07/16 00:00
45,,,,12/07/16 00:00
63,,,,13/07/16 00:00
68,,,,14/07/16 00:00
70,,,,15/07/16 00:00
63,,,,16/07/16 00:00
50,,,,17/07/16 00:00
71,,,,18/07/16 00:00
66,,,,19/07/16 00:00
68,,1,,20/07/16 00:00
67,,,,21/07/16 00:00
65,,,,22/07/16 00:00
50,,,,23/07/16 00:00
47,,,,24/07/16 00:00
64,,,,25/07/16 00:00
70,,,,26/07/16 00:00
109,,,,27/07/16 00:00
133,,,,28/07/16 00:00
132,,,1,29/07/16 00:00
73,,,,30/07/16 00:00
87,,,1,31/07/16 00:00
96,,,,01/08/16 00:00
108,,,,02/08/16 00:00
105,,,,03/08/16 00:00
124,,,,04/08/16 00:00
130,,,,05/08/16 00:00
103,,,,06/08/16 00:00
91,,,,07/08/16 00:00
130,,,,08/08/16 00:00
108,,,,09/08/16 00:00
144,,,,10/08/16 00:00
110,,,2,11/08/16 00:00
115,,,,12/08/16 00:00
90,,,1,13/08/16 00:00
94,,,,14/08/16 00:00
105,,,,15/08/16 00:00
106,,1,,16/08/16 00:00
119,,,,17/08/16 00:00
94,,,1,18/08/16 00:00
92,,,,19/08/16 00:00
83,,,,20/08/16 00:00
81,,,,21/08/16 00:00
67,,,,22/08/16 00:00
82,,,,23/08/16 00:00
187,1,,1,24/08/16 00:00
118,,,,25/08/16 00:00
131,,,,26/08/16 00:00
101,,,,27/08/16 00:00
96,,,,28/08/16 00:00
123,,,,29/08/16 00:00
129,,,,30/08/16 00:00
126,1,,1,31/08/16 00:00
116,1,,,01/09/16 00:00
119,,,,02/09/16 00:00
96,1,,,03/09/16 00:00
94,1,,1,04/09/16 00:00
135,,,1,05/09/16 00:00
117,,,,06/09/16 00:00
131,,,2,07/09/16 00:00
123,,,,08/09/16 00:00
105,,,,09/09/16 00:00
117,,,,10/09/16 00:00
89,,,,11/09/16 00:00
135,,,,12/09/16 00:00
103,,,,13/09/16 00:00
114,,,,14/09/16 00:00
143,,,,15/09/16 00:00
161,,,,16/09/16 00:00
111,1,1,,17/09/16 00:00
122,,,,18/09/16 00:00
127,,,,19/09/16 00:00
138,,,,20/09/16 00:00
144,,,,21/09/16 00:00
100,,,,22/09/16 00:00
127,,1,,23/09/16 00:00
125,,,,24/09/16 00:00
98,,1,,25/09/16 00:00
119,,,,26/09/16 00:00
110,,2,,27/09/16 00:00
144,,,1,28/09/16 00:00
148,,,1,29/09/16 00:00
130,1,,,30/09/16 00:00
101,,,,01/10/16 00:00
104,,,,02/10/16 00:00
136,,,,03/10/16 00:00
141,1,1,,04/10/16 00:00
134,1,,,05/10/16 00:00
139,1,,,06/10/16 00:00
136,,3,1,07/10/16 00:00
119,,,,08/10/16 00:00
125,,,,09/10/16 00:00
144,,8,,10/10/16 00:00
130,,2,,11/10/16 00:00
173,1,2,,12/10/16 00:00
153,,7,,13/10/16 00:00
119,,,,14/10/16 00:00
146,1,,,15/10/16 00:00
115,,,,16/10/16 00:00
201,,,2,17/10/16 00:00
150,,2,2,18/10/16 00:00
166,3,,2,19/10/16 00:00
144,,1,1,20/10/16 00:00
102,,,,21/10/16 00:00
95,,,,22/10/16 00:00
100,,,,23/10/16 00:00
99,1,,,24/10/16 00:00
133,,,,25/10/16 00:00
201,,2,,26/10/16 00:00
195,1,,,27/10/16 00:00
149,,,1,28/10/16 00:00
135,,,,29/10/16 00:00
244,,,,30/10/16 00:00
142,,2,,31/10/16 00:00
145,,,1,01/11/16 00:00
151,,,,02/11/16 00:00
168,1,2,2,03/11/16 00:00
148,,,1,04/11/16 00:00
108,,,,05/11/16 00:00
120,,,,06/11/16 00:00
150,,2,,07/11/16 00:00
163,1,1,,08/11/16 00:00
239,,4,1,09/11/16 00:00
161,1,,2,10/11/16 00:00
140,,,,11/11/16 00:00
129,,,,12/11/16 00:00
107,,,,13/11/16 00:00
164,1,,,14/11/16 00:00
144,1,,,15/11/16 00:00
145,3,2,,16/11/16 00:00
169,,,,17/11/16 00:00
154,,,2,18/11/16 00:00
108,1,,,19/11/16 00:00
103,1,,1,20/11/16 00:00
156,,,1,21/11/16 00:00
126,1,,1,22/11/16 00:00
155,,,1,23/11/16 00:00
148,,,,24/11/16 00:00
158,,,1,25/11/16 00:00
123,,,,26/11/16 00:00
130,,,,27/11/16 00:00
131,,,,28/11/16 00:00
157,,,1,29/11/16 00:00
162,,,1,30/11/16 00:00
153,1,,1,01/12/16 00:00
148,1,,1,02/12/16 00:00
104,1,,,03/12/16 00:00
168,,,,04/12/16 00:00
178,1,,,05/12/16 00:00
139,,1,2,06/12/16 00:00
203,1,,1,07/12/16 00:00
135,,,1,08/12/16 00:00
169,,,,09/12/16 00:00
142,1,,,10/12/16 00:00
149,1,,,11/12/16 00:00
191,,1,,12/12/16 00:00
175,1,2,,13/12/16 00:00
168,,3,1,14/12/16 00:00
170,,,,15/12/16 00:00
161,,,,16/12/16 00:00
101,,,,17/12/16 00:00
114,,,1,18/12/16 00:00
179,,,1,19/12/16 00:00
162,,,,20/12/16 00:00
141,,,,21/12/16 00:00
156,,,,22/12/16 00:00
145,,,1,23/12/16 00:00
94,,,,24/12/16 00:00
91,,,,25/12/16 00:00
100,,,,26/12/16 00:00
131,2,,1,27/12/16 00:00
131,,,,28/12/16 00:00
185,,,,29/12/16 00:00
150,,,,30/12/16 00:00
134,,,,31/12/16 00:00
134,1,,,01/01/17 00:00
144,,,,02/01/17 00:00
136,,,,03/01/17 00:00
124,,,,04/01/17 00:00
150,,,,05/01/17 00:00
128,,,,06/01/17 00:00
105,,,,07/01/17 00:00
130,,,,08/01/17 00:00
149,,,,09/01/17 00:00
179,1,,,10/01/17 00:00
149,,,,11/01/17 00:00
130,,,,12/01/17 00:00
146,,,,13/01/17 00:00
108,,,,14/01/17 00:00
117,,,,15/01/17 00:00
156,,,,16/01/17 00:00
159,,,,17/01/17 00:00
211,1,,1,18/01/17 00:00
181,,,1,19/01/17 00:00
206,1,,,20/01/17 00:00
117,,,,21/01/17 00:00
116,,,,22/01/17 00:00
156,,,,23/01/17 00:00
169,,,,24/01/17 00:00
153,,,,25/01/17 00:00
150,,,,26/01/17 00:00
145,,,,27/01/17 00:00
119,,,,28/01/17 00:00
104,,,,29/01/17 00:00
139,,,1,30/01/17 00:00
121,,,1,31/01/17 00:00
150,,,1,01/02/17 00:00
117,,,2,02/02/17 00:00
188,,,3,03/02/17 00:00
118,,,3,04/02/17 00:00
110,,,1,05/02/17 00:00
136,1,,,06/02/17 00:00
171,,,1,07/02/17 00:00
191,,,2,08/02/17 00:00
168,,,,09/02/17 00:00
137,,,,10/02/17 00:00
127,,,,11/02/17 00:00
129,1,,,12/02/17 00:00
144,,,,13/02/17 00:00
155,,,,14/02/17 00:00
146,,,1,15/02/17 00:00
211,1,,1,16/02/17 00:00
135,1,,,17/02/17 00:00
104,,,3,18/02/17 00:00
104,,,,19/02/17 00:00
128,,,2,20/02/17 00:00
130,,,,21/02/17 00:00
149,,,1,22/02/17 00:00
135,,,,23/02/17 00:00
135,,,,24/02/17 00:00
131,,,,25/02/17 00:00
106,,,1,26/02/17 00:00
127,,,,27/02/17 00:00
135,,,1,28/02/17 00:00
145,,3,,01/03/17 00:00
158,,,1,02/03/17 00:00
140,1,,,03/03/17 00:00
112,1,,,04/03/17 00:00
110,,,,05/03/17 00:00
144,,,,06/03/17 00:00
144,,,,07/03/17 00:00
152,,,,08/03/17 00:00
169,1,1,,09/03/17 00:00
112,1,,,10/03/17 00:00
114,,,,11/03/17 00:00
117,,,,12/03/17 00:00
152,,,,13/03/17 00:00
140,,,1,14/03/17 00:00
193,,,1,15/03/17 00:00
160,1,,1,16/03/17 00:00
141,,,1,17/03/17 00:00
107,,,,18/03/17 00:00
84,,,,19/03/17 00:00
133,,,,20/03/17 00:00
123,,,,21/03/17 00:00
188,1,,2,22/03/17 00:00
146,1,,5,23/03/17 00:00
131,,,,24/03/17 00:00
85,,,,25/03/17 00:00
119,,,2,26/03/17 00:00
161,,,,27/03/17 00:00
139,1,,,28/03/17 00:00
160,,,1,29/03/17 00:00
164,,,6,30/03/17 00:00
117,,,1,31/03/17 00:00
125,1,,,01/04/17 00:00
94,,,,02/04/17 00:00
152,,,,03/04/17 00:00
131,,,,04/04/17 00:00
153,,,1,05/04/17 00:00
140,,,1,06/04/17 00:00
208,,,,07/04/17 00:00
138,,,,08/04/17 00:00
136,,,,09/04/17 00:00
145,1,,,10/04/17 00:00
153,,2,,11/04/17 00:00
140,,,,12/04/17 00:00
142,,,,13/04/17 00:00
155,,,,14/04/17 00:00
132,,,,15/04/17 00:00
110,1,,,16/04/17 00:00
130,,,,17/04/17 00:00
163,,,1,18/04/17 00:00
174,,,1,19/04/17 00:00
182,,,1,20/04/17 00:00
269,1,,,21/04/17 00:00
151,1,,,22/04/17 00:00
222,,,1,23/04/17 00:00
228,,1,1,24/04/17 00:00
194,,1,,25/04/17 00:00
232,,,1,26/04/17 00:00
253,,2,,27/04/17 00:00
233,1,,,28/04/17 00:00
174,,1,,29/04/17 00:00
193,2,,,30/04/17 00:00
161,1,1,,01/05/17 00:00
235,,,,02/05/17 00:00
257,1,,,03/05/17 00:00
236,,,,04/05/17 00:00
221,,,1,05/05/17 00:00
163,,,,06/05/17 00:00
250,,1,,07/05/17 00:00
237,,,,08/05/17 00:00
244,5,,,09/05/17 00:00
231,1,,,10/05/17 00:00
208,1,2,,11/05/17 00:00
228,,,1,12/05/17 00:00
176,,,,13/05/17 00:00
168,,1,,14/05/17 00:00
219,,,1,15/05/17 00:00
250,,,,16/05/17 00:00
254,,,2,17/05/17 00:00
263,1,,2,18/05/17 00:00
260,,,,19/05/17 00:00
189,,,,20/05/17 00:00
194,,,,21/05/17 00:00
248,,,2,22/05/17 00:00
314,,1,1,23/05/17 00:00
301,1,,,24/05/17 00:00
276,1,,,25/05/17 00:00
270,3,,2,26/05/17 00:00
218,9,,,27/05/17 00:00
169,2,,,28/05/17 00:00
243,2,,,29/05/17 00:00
270,2,2,,30/05/17 00:00
276,13,,2,31/05/17 00:00
270,27,,1,01/06/17 00:00
197,22,,,02/06/17 00:00
232,2,,,03/06/17 00:00
204,1,,,04/06/17 00:00
251,2,,,05/06/17 00:00
298,1,4,,06/06/17 00:00
264,4,,,07/06/17 00:00
287,3,2,1,08/06/17 00:00
281,1,,,09/06/17 00:00
152,,,,10/06/17 00:00
196,,,,11/06/17 00:00
206,,8,,12/06/17 00:00
252,1,1,1,13/06/17 00:00
319,3,,1,14/06/17 00:00
273,,,,15/06/17 00:00
250,,,,16/06/17 00:00
172,,,1,17/06/17 00:00
191,2,,,18/06/17 00:00
318,1,,,19/06/17 00:00
271,,1,1,20/06/17 00:00
277,1,,,21/06/17 00:00
244,,,1,22/06/17 00:00
234,,,1,23/06/17 00:00
167,1,,,24/06/17 00:00
207,1,,1,25/06/17 00:00
243,,,,26/06/17 00:00
272,,,6,27/06/17 00:00
239,,,2,28/06/17 00:00
216,3,,,29/06/17 00:00
225,,,,30/06/17 00:00
156,,,2,01/07/17 00:00
149,,,,02/07/17 00:00
218,,,,03/07/17 00:00
238,,,,04/07/17 00:00
238,,,,05/07/17 00:00
232,2,,1,06/07/17 00:00
252,4,,3,07/07/17 00:00
164,5,,,08/07/17 00:00
145,1,,2,09/07/17 00:00
231,,,1,10/07/17 00:00
220,,,2,11/07/17 00:00
238,,,,12/07/17 00:00
240,3,,,13/07/17 00:00
208,1,1,5,14/07/17 00:00
161,,,,15/07/17 00:00
146,2,,,16/07/17 00:00
215,,,,17/07/17 00:00
239,,1,2,18/07/17 00:00
227,,,,19/07/17 00:00
238,,,,20/07/17 00:00
238,,,,21/07/17 00:00
135,,,,22/07/17 00:00
122,,,,23/07/17 00:00
238,,,,24/07/17 00:00
233,,,1,25/07/17 00:00
227,2,,1,26/07/17 00:00
212,,,,27/07/17 00:00
279,,,,28/07/17 00:00
186,,,,29/07/17 00:00
169,1,1,,30/07/17 00:00
236,,2,,31/07/17 00:00
196,,3,,01/08/17 00:00
240,,,,02/08/17 00:00
201,,,1,03/08/17 00:00
184,1,,,04/08/17 00:00
162,2,,,05/08/17 00:00
165,,,,06/08/17 00:00
225,,,,07/08/17 00:00
217,3,,,08/08/17 00:00
228,1,,1,09/08/17 00:00
225,,,,10/08/17 00:00
205,,,,11/08/17 00:00
186,1,,,12/08/17 00:00
140,,,,13/08/17 00:00
187,,,,14/08/17 00:00
140,,,1,15/08/17 00:00
203,,,1,16/08/17 00:00
325,2,,1,17/08/17 00:00
235,,,,18/08/17 00:00
186,,,,19/08/17 00:00
174,,,,20/08/17 00:00
333,,,,21/08/17 00:00
242,,,,22/08/17 00:00
226,,,,23/08/17 00:00
209,,,1,24/08/17 00:00
231,,,,25/08/17 00:00
173,,,,26/08/17 00:00
171,,,,27/08/17 00:00
236,,,,28/08/17 00:00
277,,,,29/08/17 00:00
316,,,1,30/08/17 00:00
225,1,,,31/08/17 00:00
331,,,1,01/09/17 00:00
258,,,1,02/09/17 00:00
262,,1,,03/09/17 00:00
322,,,1,04/09/17 00:00
271,,,1,05/09/17 00:00
352,1,,,06/09/17 00:00
359,,,,07/09/17 00:00
387,2,,1,08/09/17 00:00
285,,1,1,09/09/17 00:00
262,1,,,10/09/17 00:00
396,2,,,11/09/17 00:00
318,,4,2,12/09/17 00:00
404,3,4,1,13/09/17 00:00
390,1,,,14/09/17 00:00
386,,,2,15/09/17 00:00
267,2,,,16/09/17 00:00
240,3,1,,17/09/17 00:00
342,4,,,18/09/17 00:00
315,1,,,19/09/17 00:00
372,,2,1,20/09/17 00:00
379,1,,,21/09/17 00:00
379,1,1,,22/09/17 00:00
291,,1,2,23/09/17 00:00
272,,,,24/09/17 00:00
321,,,,25/09/17 00:00
274,,,,26/09/17 00:00
427,,,3,27/09/17 00:00
415,,,,28/09/17 00:00
356,,,2,29/09/17 00:00
300,,,,30/09/17 00:00
308,,,,01/10/17 00:00
385,,2,1,02/10/17 00:00
317,,,,03/10/17 00:00
371,1,,,04/10/17 00:00
406,,,1,05/10/17 00:00
362,,,2,06/10/17 00:00
328,2,,,07/10/17 00:00
274,,,,08/10/17 00:00
372,3,,,09/10/17 00:00
368,1,,,10/10/17 00:00
375,,,,11/10/17 00:00
390,,,,12/10/17 00:00
354,1,,,13/10/17 00:00
275,,,,14/10/17 00:00
232,,,,15/10/17 00:00
335,2,,1,16/10/17 00:00
303,,,,17/10/17 00:00
372,,,2,18/10/17 00:00
372,1,,1,19/10/17 00:00
417,,,1,20/10/17 00:00
272,,,2,21/10/17 00:00
271,,,,22/10/17 00:00
333,3,,,23/10/17 00:00
325,2,,,24/10/17 00:00
375,,2,1,25/10/17 00:00
463,,,1,26/10/17 00:00
491,1,,,27/10/17 00:00
332,,,,28/10/17 00:00
287,,,,29/10/17 00:00
386,1,,,30/10/17 00:00
425,,4,,31/10/17 00:00
338,1,1,,01/11/17 00:00
414,,2,,02/11/17 00:00
378,2,,,03/11/17 00:00
306,2,1,,04/11/17 00:00
298,3,,,05/11/17 00:00
406,,,,06/11/17 00:00
380,,,,07/11/17 00:00
381,,3,2,08/11/17 00:00
422,1,,,09/11/17 00:00
371,1,,,10/11/17 00:00
283,,,,11/11/17 00:00
276,,,,12/11/17 00:00
386,1,2,,13/11/17 00:00
384,2,2,,14/11/17 00:00
404,2,,,15/11/17 00:00
355,3,1,1,16/11/17 00:00
340,,,2,17/11/17 00:00
259,,,2,18/11/17 00:00
259,,,,19/11/17 00:00
404,,,1,20/11/17 00:00
400,,,2,21/11/17 00:00
395,,,,22/11/17 00:00
383,,,,23/11/17 00:00
450,,,1,24/11/17 00:00
283,1,,,25/11/17 00:00
303,,,,26/11/17 00:00
401,,,,27/11/17 00:00
426,,,,28/11/17 00:00
494,1,,1,29/11/17 00:00
441,,,,30/11/17 00:00
481,1,1,,01/12/17 00:00
313,,1,1,02/12/17 00:00
329,3,,,03/12/17 00:00
413,1,,,04/12/17 00:00
419,2,,3,05/12/17 00:00
495,1,,2,06/12/17 00:00
462,,,2,07/12/17 00:00
376,1,,1,08/12/17 00:00
317,,,2,09/12/17 00:00
335,2,,,10/12/17 00:00
398,,,,11/12/17 00:00
387,2,,,12/12/17 00:00
468,1,,,13/12/17 00:00
475,,,1,14/12/17 00:00
494,1,,1,15/12/17 00:00
354,,,,16/12/17 00:00
367,1,,,17/12/17 00:00
537,,,2,18/12/17 00:00
477,3,,3,19/12/17 00:00
527,2,,,20/12/17 00:00
500,,1,1,21/12/17 00:00
528,1,,,22/12/17 00:00
343,,,2,23/12/17 00:00
283,,,,24/12/17 00:00
232,,,1,25/12/17 00:00
241,,,,26/12/17 00:00
387,2,,1,27/12/17 00:00
474,,,3,28/12/17 00:00
465,4,,1,29/12/17 00:00
365,2,,1,30/12/17 00:00
382,1,,,31/12/17 00:00
331,1,,,01/01/18 00:00
394,1,,,02/01/18 00:00
452,1,1,,03/01/18 00:00
462,2,,,04/01/18 00:00
473,1,,,05/01/18 00:00
397,,,,06/01/18 00:00
399,,,,07/01/18 00:00
517,2,,,08/01/18 00:00
579,1,,,09/01/18 00:00
596,5,,,10/01/18 00:00
563,2,,,11/01/18 00:00
550,1,,1,12/01/18 00:00
427,,,,13/01/18 00:00
406,,,,14/01/18 00:00
529,,,1,15/01/18 00:00
578,,,1,16/01/18 00:00
568,1,,,17/01/18 00:00
610,1,,,18/01/18 00:00
508,,,1,19/01/18 00:00
435,1,,1,20/01/18 00:00
392,1,,,21/01/18 00:00
595,1,1,,22/01/18 00:00
581,1,3,1,23/01/18 00:00
608,1,,1,24/01/18 00:00
630,1,1,1,25/01/18 00:00
584,1,,1,26/01/18 00:00
400,1,,,27/01/18 00:00
391,4,,,28/01/18 00:00
544,,,,29/01/18 00:00
620,,,,30/01/18 00:00
577,2,1,,31/01/18 00:00
589,,,,01/02/18 00:00
610,1,,,02/02/18 00:00
457,,,1,03/02/18 00:00
392,1,,,04/02/18 00:00
544,1,,1,05/02/18 00:00
633,,1,,06/02/18 00:00
576,,,1,07/02/18 00:00
592,,,,08/02/18 00:00
590,3,1,,09/02/18 00:00
440,2,,,10/02/18 00:00
417,,,,11/02/18 00:00
503,,,,12/02/18 00:00
566,1,,,13/02/18 00:00
587,,,,14/02/18 00:00
599,,,3,15/02/18 00:00
546,2,,,16/02/18 00:00
398,,,,17/02/18 00:00
398,,,1,18/02/18 00:00
525,2,,1,19/02/18 00:00
577,1,1,1,20/02/18 00:00
581,,6,1,21/02/18 00:00
606,1,1,,22/02/18 00:00
579,,,,23/02/18 00:00
402,,1,2,24/02/18 00:00
383,,,,25/02/18 00:00
559,,,2,26/02/18 00:00
572,,1,,27/02/18 00:00
568,,1,,28/02/18 00:00
602,,,2,01/03/18 00:00
556,1,,1,02/03/18 00:00
419,2,1,2,03/03/18 00:00
471,,,,04/03/18 00:00
638,1,3,1,05/03/18 00:00
672,,2,,06/03/18 00:00
639,1,5,,07/03/18 00:00
564,,,,08/03/18 00:00
529,,2,,09/03/18 00:00
438,3,,,10/03/18 00:00
372,1,,1,11/03/18 00:00
552,,,,12/03/18 00:00
595,2,,1,13/03/18 00:00
592,3,,,14/03/18 00:00
634,,,,15/03/18 00:00
600,2,,2,16/03/18 00:00
439,,,1,17/03/18 00:00
449,,,1,18/03/18 00:00
539,1,,1,19/03/18 00:00
600,2,1,2,20/03/18 00:00
553,1,1,,21/03/18 00:00
537,,,3,22/03/18 00:00
650,1,1,2,23/03/18 00:00
450,,,,24/03/18 00:00
416,1,,,25/03/18 00:00
516,,1,2,26/03/18 00:00
665,,,,27/03/18 00:00
603,1,,,28/03/18 00:00
536,2,,1,29/03/18 00:00
565,,1,1,30/03/18 00:00
378,,,,31/03/18 00:00
303,1,,1,01/04/18 00:00
412,1,,3,02/04/18 00:00
634,1,1,1,03/04/18 00:00
658,,,,04/04/18 00:00
591,,4,,05/04/18 00:00
627,,,,06/04/18 00:00
532,1,,,07/04/18 00:00
433,,1,,08/04/18 00:00
545,1,3,1,09/04/18 00:00
661,,1,,10/04/18 00:00
608,3,,,11/04/18 00:00
570,1,,,12/04/18 00:00
626,1,2,1,13/04/18 00:00
585,,,1,14/04/18 00:00
440,3,,,15/04/18 00:00
569,,,1,16/04/18 00:00
572,2,,,17/04/18 00:00
637,2,1,2,18/04/18 00:00
610,,2,1,19/04/18 00:00
669,1,1,,20/04/18 00:00
391,,1,1,21/04/18 00:00
422,1,,,22/04/18 00:00
655,1,,1,23/04/18 00:00
627,,,1,24/04/18 00:00
570,1,,1,25/04/18 00:00
624,,,1,26/04/18 00:00
627,1,,,27/04/18 00:00
447,1,,1,28/04/18 00:00
289,,,,29/04/18 00:00
515,,,,30/04/18 00:00
351,1,,1,01/05/18 00:00
636,1,1,,02/05/18 00:00
693,,,1,03/05/18 00:00
668,,,1,04/05/18 00:00
502,2,3,,05/05/18 00:00
427,1,,,06/05/18 00:00
591,,,,07/05/18 00:00
655,,1,1,08/05/18 00:00
659,,3,1,09/05/18 00:00
605,2,,,10/05/18 00:00
609,1,,1,11/05/18 00:00
551,2,,1,12/05/18 00:00
447,1,,,13/05/18 00:00
622,,,1,14/05/18 00:00
680,1,6,2,15/05/18 00:00
669,,1,,16/05/18 00:00
697,1,,,17/05/18 00:00
718,,2,2,18/05/18 00:00
471,,,,19/05/18 00:00
404,2,,,20/05/18 00:00
547,1,1,2,21/05/18 00:00
582,,1,1,22/05/18 00:00
690,1,,,23/05/18 00:00
693,1,,4,24/05/18 00:00
656,,,4,25/05/18 00:00
464,,1,4,26/05/18 00:00
474,,2,,27/05/18 00:00
486,,,2,28/05/18 00:00
673,,1,1,29/05/18 00:00
673,,,6,30/05/18 00:00
748,,2,3,31/05/18 00:00
625,,,1,01/06/18 00:00
461,,,2,02/06/18 00:00
492,1,,,03/06/18 00:00
620,1,,1,04/06/18 00:00
641,1,2,1,05/06/18 00:00
617,1,1,,06/06/18 00:00
607,1,1,2,07/06/18 00:00
652,3,1,,08/06/18 00:00
535,,,1,09/06/18 00:00
518,1,,1,10/06/18 00:00
615,,,,11/06/18 00:00
567,,,,12/06/18 00:00
694,1,,,13/06/18 00:00
740,1,,,14/06/18 00:00
632,1,,,15/06/18 00:00
439,,3,,16/06/18 00:00
511,,,,17/06/18 00:00
578,,7,5,18/06/18 00:00
595,,1,1,19/06/18 00:00
566,2,1,2,20/06/18 00:00
610,,1,,21/06/18 00:00
574,1,1,,22/06/18 00:00
426,,,3,23/06/18 00:00
436,,,,24/06/18 00:00
560,1,1,2,25/06/18 00:00
553,,,3,26/06/18 00:00
626,2,,,27/06/18 00:00
633,,1,,28/06/18 00:00
573,3,,2,29/06/18 00:00
461,1,,1,30/06/18 00:00
423,,,,01/07/18 00:00
519,2,3,2,02/07/18 00:00
507,1,,1,03/07/18 00:00
554,,,,04/07/18 00:00
544,1,,,05/07/18 00:00
632,1,,1,06/07/18 00:00
477,2,,,07/07/18 00:00
367,1,,,08/07/18 00:00
574,,,3,09/07/18 00:00
569,1,,1,10/07/18 00:00
650,1,,,11/07/18 00:00
650,,,2,12/07/18 00:00
619,,,,13/07/18 00:00
431,1,,,14/07/18 00:00
460,1,,1,15/07/18 00:00
604,1,3,1,16/07/18 00:00
492,,,,17/07/18 00:00
534,,,1,18/07/18 00:00
624,1,,,19/07/18 00:00
543,1,,3,20/07/18 00:00
435,,,3,21/07/18 00:00
403,1,,1,22/07/18 00:00
537,1,,2,23/07/18 00:00
483,,,3,24/07/18 00:00
688,,,,25/07/18 00:00
608,2,,,26/07/18 00:00
586,,,1,27/07/18 00:00
439,1,,,28/07/18 00:00
438,,,1,29/07/18 00:00
508,1,1,,30/07/18 00:00
550,3,,,31/07/18 00:00
594,,2,5,01/08/18 00:00
587,2,1,1,02/08/18 00:00
606,3,,,03/08/18 00:00
428,,,,04/08/18 00:00
439,1,,,05/08/18 00:00
537,,,1,06/08/18 00:00
485,,2,1,07/08/18 00:00
539,1,2,,08/08/18 00:00
533,,1,,09/08/18 00:00
545,2,1,1,10/08/18 00:00
413,2,1,,11/08/18 00:00
380,,1,,12/08/18 00:00
534,1,,1,13/08/18 00:00
516,,,,14/08/18 00:00
482,,,1,15/08/18 00:00
529,,1,,16/08/18 00:00
492,1,,1,17/08/18 00:00
444,,,1,18/08/18 00:00
426,1,1,3,19/08/18 00:00
585,1,,,20/08/18 00:00
520,,1,,21/08/18 00:00
584,1,,1,22/08/18 00:00
527,1,,1,23/08/18 00:00
545,2,,1,24/08/18 00:00
446,1,,,25/08/18 00:00
427,1,,,26/08/18 00:00
538,1,,1,27/08/18 00:00
547,3,,,28/08/18 00:00
608,,,2,29/08/18 00:00
604,1,,1,30/08/18 00:00
629,1,,5,31/08/18 00:00
443,,,2,01/09/18 00:00
468,,,,02/09/18 00:00
599,,,,03/09/18 00:00
556,,,2,04/09/18 00:00
625,3,,,05/09/18 00:00
597,1,1,,06/09/18 00:00
639,1,,,07/09/18 00:00
478,1,1,,08/09/18 00:00
476,,,,09/09/18 00:00
646,3,,,10/09/18 00:00
738,2,,1,11/09/18 00:00
647,2,1,,12/09/18 00:00
746,3,,,13/09/18 00:00
808,,,1,14/09/18 00:00
646,2,1,6,15/09/18 00:00
595,2,2,1,16/09/18 00:00
720,1,,4,17/09/18 00:00
684,,1,,18/09/18 00:00
696,2,,5,19/09/18 00:00
682,1,,,20/09/18 00:00
627,,4,1,21/09/18 00:00
537,,1,,22/09/18 00:00
450,1,,,23/09/18 00:00
656,1,,1,24/09/18 00:00
635,,,1,25/09/18 00:00
708,1,1,,26/09/18 00:00
716,,,3,27/09/18 00:00
730,,,,28/09/18 00:00
541,,,1,29/09/18 00:00
534,2,,1,30/09/18 00:00
668,1,,,01/10/18 00:00
663,,1,2,02/10/18 00:00
661,,,,03/10/18 00:00
638,1,,3,04/10/18 00:00
651,3,2,1,05/10/18 00:00
489,,1,,06/10/18 00:00
515,,1,1,07/10/18 00:00
645,7,,,08/10/18 00:00
645,2,1,4,09/10/18 00:00
741,2,,3,10/10/18 00:00
669,1,,,11/10/18 00:00
695,1,,,12/10/18 00:00
457,2,,2,13/10/18 00:00
474,1,1,,14/10/18 00:00
672,4,,1,15/10/18 00:00
690,2,2,1,16/10/18 00:00
686,,1,1,17/10/18 00:00
708,1,1,1,18/10/18 00:00
726,2,1,,19/10/18 00:00
2028,,1,1,20/10/18 00:00
1068,3,1,1,21/10/18 00:00
707,2,1,,22/10/18 00:00
708,,1,,23/10/18 00:00
773,2,1,1,24/10/18 00:00
786,,3,,25/10/18 00:00
805,5,1,1,26/10/18 00:00
578,2,1,,27/10/18 00:00
623,3,1,,28/10/18 00:00
705,,,,29/10/18 00:00
688,,1,,30/10/18 00:00
721,4,,1,31/10/18 00:00
591,2,2,,01/11/18 00:00
671,,,2,02/11/18 00:00
563,1,1,,03/11/18 00:00
573,,,,04/11/18 00:00
688,4,,1,05/11/18 00:00
745,,7,,06/11/18 00:00
707,,5,,07/11/18 00:00
740,2,6,1,08/11/18 00:00
681,5,2,2,09/11/18 00:00
566,2,1,,10/11/18 00:00
573,2,1,1,11/11/18 00:00
764,6,2,,12/11/18 00:00
758,1,2,1,13/11/18 00:00
931,3,1,,14/11/18 00:00
764,3,1,,15/11/18 00:00
783,1,,,16/11/18 00:00
638,9,1,1,17/11/18 00:00
598,3,1,1,18/11/18 00:00
916,1,,2,19/11/18 00:00
828,1,,2,20/11/18 00:00
696,,1,1,21/11/18 00:00
703,1,1,,22/11/18 00:00
724,3,2,,23/11/18 00:00
660,6,,,24/11/18 00:00
648,2,,19,25/11/18 00:00
844,3,5,26,26/11/18 00:00
861,6,2,18,27/11/18 00:00
840,4,1,13,28/11/18 00:00
788,2,1,13,29/11/18 00:00
857,4,6,8,30/11/18 00:00
699,4,,4,01/12/18 00:00
615,4,,4,02/12/18 00:00
738,7,1,5,03/12/18 00:00
1227,1,,2,04/12/18 00:00
1384,6,3,4,05/12/18 00:00
867,1,2,6,06/12/18 00:00
859,1,1,1,07/12/18 00:00
802,5,,,08/12/18 00:00
870,4,,,09/12/18 00:00
878,2,,3,10/12/18 00:00
907,3,5,2,11/12/18 00:00
1160,1,1,,12/12/18 00:00
1028,4,1,,13/12/18 00:00
904,4,5,2,14/12/18 00:00
825,4,,3,15/12/18 00:00
760,9,,3,16/12/18 00:00
801,7,4,2,17/12/18 00:00
751,3,3,,18/12/18 00:00
819,1,1,1,19/12/18 00:00
858,1,1,2,20/12/18 00:00
779,4,1,4,21/12/18 00:00
668,1,,,22/12/18 00:00
578,,,1,23/12/18 00:00
613,,2,,24/12/18 00:00
399,,1,2,25/12/18 00:00
563,1,,4,26/12/18 00:00
607,1,1,2,27/12/18 00:00
703,,1,1,28/12/18 00:00
575,2,2,1,29/12/18 00:00
519,1,1,1,30/12/18 00:00
609,2,1,,31/12/18 00:00
556,1,1,1,01/01/19 00:00
708,1,1,3,02/01/19 00:00
732,1,3,1,03/01/19 00:00
836,1,1,1,04/01/19 00:00
705,1,,1,05/01/19 00:00
653,,,,06/01/19 00:00
843,4,,,07/01/19 00:00
922,,2,1,08/01/19 00:00
921,2,1,,09/01/19 00:00
950,3,1,2,10/01/19 00:00
820,1,,2,11/01/19 00:00
594,,,,12/01/19 00:00
621,2,1,,13/01/19 00:00
856,1,2,1,14/01/19 00:00
897,2,1,1,15/01/19 00:00
982,5,,2,16/01/19 00:00
868,,1,,17/01/19 00:00
848,,1,,18/01/19 00:00
677,1,2,2,19/01/19 00:00
631,1,4,1,20/01/19 00:00
849,1,1,2,21/01/19 00:00
1035,2,2,,22/01/19 00:00
852,1,5,1,23/01/19 00:00
896,3,,,24/01/19 00:00
796,4,,2,25/01/19 00:00
1361,5,,2,26/01/19 00:00
888,6,,1,27/01/19 00:00
1111,2,2,,28/01/19 00:00
940,6,1,3,29/01/19 00:00
912,6,1,3,30/01/19 00:00
888,3,,1,31/01/19 00:00
891,3,,1,01/02/19 00:00
731,2,,,02/02/19 00:00
642,4,,,03/02/19 00:00
898,2,1,3,04/02/19 00:00
835,2,,,05/02/19 00:00
912,1,,1,06/02/19 00:00
892,7,2,2,07/02/19 00:00
1001,4,1,,08/02/19 00:00
723,3,,,09/02/19 00:00
767,5,,,10/02/19 00:00
894,5,3,3,11/02/19 00:00
1056,2,,,12/02/19 00:00
946,4,1,,13/02/19 00:00
975,5,,,14/02/19 00:00
955,1,4,,15/02/19 00:00
674,1,1,,16/02/19 00:00
658,6,1,,17/02/19 00:00
977,2,1,,18/02/19 00:00
895,4,,2,19/02/19 00:00
1010,10,1,6,20/02/19 00:00
963,1,2,,21/02/19 00:00
1007,9,,4,22/02/19 00:00
747,7,3,,23/02/19 00:00
688,6,,1,24/02/19 00:00
879,7,,2,25/02/19 00:00
1102,6,3,2,26/02/19 00:00
1039,8,1,,27/02/19 00:00
957,2,2,2,28/02/19 00:00
974,5,,1,01/03/19 00:00
785,4,,,02/03/19 00:00
856,3,,1,03/03/19 00:00
954,3,,1,04/03/19 00:00
1025,9,6,2,05/03/19 00:00
1067,10,3,1,06/03/19 00:00
1076,,8,1,07/03/19 00:00
1075,3,1,,08/03/19 00:00
853,6,1,,09/03/19 00:00
870,7,,1,10/03/19 00:00
1621,8,1,5,11/03/19 00:00
1296,14,1,2,12/03/19 00:00
1292,5,2,1,13/03/19 00:00
1089,13,2,1,14/03/19 00:00
1306,44,1,10,15/03/19 00:00
897,19,1,1,16/03/19 00:00
860,13,,3,17/03/19 00:00
1167,15,1,6,18/03/19 00:00
1255,14,1,1,19/03/19 00:00
1167,9,,2,20/03/19 00:00
1260,10,2,2,21/03/19 00:00
1171,12,1,1,22/03/19 00:00
1183,12,,1,23/03/19 00:00
1244,17,,2,24/03/19 00:00
1287,14,6,2,25/03/19 00:00
1191,7,4,3,26/03/19 00:00
1377,9,4,1,27/03/19 00:00
1654,6,1,2,28/03/19 00:00
1181,7,3,2,29/03/19 00:00
1081,10,2,2,30/03/19 00:00
1097,9,4,9,31/03/19 00:00
967,4,4,8,01/04/19 00:00
1021,7,,2,02/04/19 00:00
1107,7,,1,03/04/19 00:00
1164,9,4,6,04/04/19 00:00
1146,5,1,5,05/04/19 00:00
907,2,,,06/04/19 00:00
872,5,,,07/04/19 00:00
1109,8,,1,08/04/19 00:00
1172,4,,4,09/04/19 00:00
1316,8,,2,10/04/19 00:00
1209,10,,,11/04/19 00:00
1757,11,,2,12/04/19 00:00
1063,10,,1,13/04/19 00:00
941,19,,,14/04/19 00:00
1280,15,1,,15/04/19 00:00
1201,10,4,3,16/04/19 00:00
1220,14,1,1,17/04/19 00:00
1353,9,1,4,18/04/19 00:00
1232,20,5,2,19/04/19 00:00
834,8,,3,20/04/19 00:00
930,10,,16,21/04/19 00:00
1046,10,3,12,22/04/19 00:00
1355,11,,2,23/04/19 00:00
1196,6,,1,24/04/19 00:00
1099,3,4,1,25/04/19 00:00
1230,8,2,12,26/04/19 00:00
1039,13,,7,27/04/19 00:00
1164,9,2,4,28/04/19 00:00
1172,5,,3,29/04/19 00:00
1153,9,1,5,30/04/19 00:00
1228,11,1,2,01/05/19 00:00
1256,3,2,9,02/05/19 00:00
1318,14,2,2,03/05/19 00:00
973,9,1,,04/05/19 00:00
1182,4,,1,05/05/19 00:00
1131,5,,3,06/05/19 00:00
1161,6,1,2,07/05/19 00:00
1351,2,,2,08/05/19 00:00
1396,5,,1,09/05/19 00:00
1186,7,1,4,10/05/19 00:00
1187,8,,7,11/05/19 00:00
991,9,,2,12/05/19 00:00
1321,11,,2,13/05/19 00:00
1203,14,,3,14/05/19 00:00
1232,6,2,2,15/05/19 00:00
1214,5,,4,16/05/19 00:00
1187,13,,4,17/05/19 00:00
1089,6,,4,18/05/19 00:00
992,4,,1,19/05/19 00:00
1296,5,,2,20/05/19 00:00
1332,3,,,21/05/19 00:00
1196,5,,,22/05/19 00:00
1323,7,,,23/05/19 00:00
1409,12,1,1,24/05/19 00:00
870,6,,2,25/05/19 00:00
1151,12,1,,26/05/19 00:00
1326,12,2,1,27/05/19 00:00
1232,20,,,28/05/19 00:00
1300,10,,1,29/05/19 00:00
1234,9,,,30/05/19 00:00
1309,15,1,2,31/05/19 00:00
947,11,,1,01/06/19 00:00
1075,23,2,,02/06/19 00:00
1312,11,3,4,03/06/19 00:00
1299,25,1,,04/06/19 00:00
1476,29,4,7,05/06/19 00:00
1314,8,,,06/06/19 00:00
1299,11,,,07/06/19 00:00
982,16,1,1,08/06/19 00:00
1025,14,,1,09/06/19 00:00
1369,20,,,10/06/19 00:00
1226,20,,1,11/06/19 00:00
1432,13,2,1,12/06/19 00:00
1518,12,,3,13/06/19 00:00
1392,14,,3,14/06/19 00:00
1108,13,1,5,15/06/19 00:00
1371,18,,1,16/06/19 00:00
3237,13,,3,17/06/19 00:00
1325,13,1,3,18/06/19 00:00
1522,14,2,4,19/06/19 00:00
1705,24,2,2,20/06/19 00:00
1383,15,,1,21/06/19 00:00
1203,11,,1,22/06/19 00:00
1480,14,,3,23/06/19 00:00
2040,17,1,3,24/06/19 00:00
1662,22,1,3,25/06/19 00:00
1957,24,1,1,26/06/19 00:00
2244,31,,1,27/06/19 00:00
1902,30,1,3,28/06/19 00:00
1372,39,,2,29/06/19 00:00
1260,23,1,1,30/06/19 00:00
1702,13,2,6,01/07/19 00:00
2175,23,,1,02/07/19 00:00
1798,12,,,03/07/19 00:00
1894,27,,6,04/07/19 00:00
2034,17,1,2,05/07/19 00:00
1288,10,,1,06/07/19 00:00
1614,21,,1,07/07/19 00:00
1891,21,1,2,08/07/19 00:00
1885,24,,3,09/07/19 00:00
2264,21,,,10/07/19 00:00
1922,28,,6,11/07/19 00:00
1868,25,,4,12/07/19 00:00
1783,19,,7,13/07/19 00:00
1554,29,,1,14/07/19 00:00
1835,44,,3,15/07/19 00:00
2157,21,1,5,16/07/19 00:00
2137,23,,6,17/07/19 00:00
2081,34,,3,18/07/19 00:00
2068,15,1,1,19/07/19 00:00
1704,13,,4,20/07/19 00:00
2025,11,,11,21/07/19 00:00
2072,33,,7,22/07/19 00:00
1890,22,1,1,23/07/19 00:00
2127,45,,3,24/07/19 00:00
2415,37,,5,25/07/19 00:00
1898,24,,3,26/07/19 00:00
1838,19,1,,27/07/19 00:00
2122,16,1,4,28/07/19 00:00
2035,16,1,,29/07/19 00:00
1716,18,1,2,30/07/19 00:00
1811,25,,1,31/07/19 00:00
2112,25,1,2,01/08/19 00:00
1819,13,,1,02/08/19 00:00
1642,23,1,,03/08/19 00:00
1922,19,,,04/08/19 00:00
1965,23,,,05/08/19 00:00
1830,15,1,1,06/08/19 00:00
1881,28,,4,07/08/19 00:00
1773,31,,2,08/08/19 00:00
2063,19,1,2,09/08/19 00:00
1787,8,2,3,10/08/19 00:00
1471,21,,,11/08/19 00:00
1709,20,1,4,12/08/19 00:00
1808,37,1,2,13/08/19 00:00
1835,23,,,14/08/19 00:00
2285,32,,,15/08/19 00:00
1908,22,3,1,16/08/19 00:00
1703,27,,2,17/08/19 00:00
1724,18,,1,18/08/19 00:00
2074,26,,3,19/08/19 00:00
1814,26,,2,20/08/19 00:00
2269,22,,1,21/08/19 00:00
2033,23,,,22/08/19 00:00
2169,22,,1,23/08/19 00:00
1946,23,1,2,24/08/19 00:00
1598,32,,2,25/08/19 00:00
1781,27,,7,26/08/19 00:00
1855,35,,4,27/08/19 00:00
2151,27,,4,28/08/19 00:00
2029,22,,1,29/08/19 00:00
1741,18,,4,30/08/19 00:00
1568,14,1,,31/08/19 00:00
1703,17,,2,01/09/19 00:00
1692,18,,2,02/09/19 00:00
1853,31,2,3,03/09/19 00:00
1723,35,,3,04/09/19 00:00
2275,32,,2,05/09/19 00:00
1984,38,,1,06/09/19 00:00
1583,30,1,12,07/09/19 00:00
1665,34,,1,08/09/19 00:00
2636,25,,6,09/09/19 00:00
2056,39,2,2,10/09/19 00:00
2690,26,,,11/09/19 00:00
2043,34,,4,12/09/19 00:00
2437,49,,1,13/09/19 00:00
1725,27,,2,14/09/19 00:00
1825,29,,2,15/09/19 00:00
2058,32,1,3,16/09/19 00:00
2828,42,1,2,17/09/19 00:00
2274,74,,5,18/09/19 00:00
2294,72,,4,19/09/19 00:00
2208,149,1,11,20/09/19 00:00
1679,110,,18,21/09/19 00:00
1753,87,2,25,22/09/19 00:00
2292,116,1,35,23/09/19 00:00
2246,113,1,45,24/09/19 00:00
2356,85,,55,25/09/19 00:00
2382,85,,51,26/09/19 00:00
2504,126,,47,27/09/19 00:00
1716,50,,39,28/09/19 00:00
1786,51,1,31,29/09/19 00:00
2355,51,,31,30/09/19 00:00
2126,60,,33,01/10/19 00:00
2644,49,,33,02/10/19 00:00
2368,35,,33,03/10/19 00:00
2365,62,,39,04/10/19 00:00
2605,40,,44,05/10/19 00:00
3058,49,,18,06/10/19 00:00
2849,72,,36,07/10/19 00:00
2536,74,,31,08/10/19 00:00
3208,63,,24,09/10/19 00:00
3254,41,1,42,10/10/19 00:00
3193,45,,27,11/10/19 00:00
2299,31,,14,12/10/19 00:00
4162,39,,18,13/10/19 00:00
3859,29,,21,14/10/19 00:00
3103,32,,18,15/10/19 00:00
4272,41,,14,16/10/19 00:00
3117,40,,22,17/10/19 00:00
2814,39,,24,18/10/19 00:00
2383,15,,14,19/10/19 00:00
2537,62,,22,20/10/19 00:00
2801,36,,23,21/10/19 00:00
3691,28,2,6,22/10/19 00:00
3868,39,,20,23/10/19 00:00
3298,46,,16,24/10/19 00:00
3148,51,1,6,25/10/19 00:00
2872,33,,4,26/10/19 00:00
2832,18,,,27/10/19 00:00
3531,23,,12,28/10/19 00:00
4014,32,,16,29/10/19 00:00
4117,25,1,19,30/10/19 00:00
4025,49,,19,31/10/19 00:00
3538,46,,19,01/11/19 00:00
2826,23,,13,02/11/19 00:00
3212,25,3,17,03/11/19 00:00
3247,19,1,31,04/11/19 00:00
3180,49,,21,05/11/19 00:00
3038,47,2,27,06/11/19 00:00
3396,46,1,26,07/11/19 00:00
3177,34,,11,08/11/19 00:00
2361,47,,18,09/11/19 00:00
2492,13,,13,10/11/19 00:00
2993,43,,14,11/11/19 00:00
2922,31,5,23,12/11/19 00:00
3319,27,3,35,13/11/19 00:00
2883,23,,19,14/11/19 00:00
2987,39,1,49,15/11/19 00:00
2315,31,,14,16/11/19 00:00
2293,41,,13,17/11/19 00:00
2521,49,,17,18/11/19 00:00
2824,20,,27,19/11/19 00:00
3274,34,,48,20/11/19 00:00
3137,22,,59,21/11/19 00:00
3013,32,,23,22/11/19 00:00
2523,28,1,20,23/11/19 00:00
3399,22,1,20,24/11/19 00:00
2929,46,,30,25/11/19 00:00
3032,49,,10,26/11/19 00:00
2688,44,,11,27/11/19 00:00
3422,95,,15,28/11/19 00:00
3054,93,,8,29/11/19 00:00
2411,77,,11,30/11/19 00:00
3094,70,,10,01/12/19 00:00
2915,71,,12,02/12/19 00:00
3179,93,2,24,03/12/19 00:00
3407,60,,17,04/12/19 00:00
2785,72,,16,05/12/19 00:00
3017,56,,18,06/12/19 00:00
2662,38,2,15,07/12/19 00:00
2711,48,1,20,08/12/19 00:00
3734,47,,14,09/12/19 00:00
3308,47,1,17,10/12/19 00:00
3701,67,,14,11/12/19 00:00
3374,43,1,11,12/12/19 00:00
3143,65,2,13,13/12/19 00:00
2993,37,,8,14/12/19 00:00
2891,63,1,7,15/12/19 00:00
3306,63,,26,16/12/19 00:00
3867,34,,12,17/12/19 00:00
3401,38,2,7,18/12/19 00:00
3446,53,1,5,19/12/19 00:00
3659,36,1,10,20/12/19 00:00
2511,18,1,11,21/12/19 00:00
2436,23,,10,22/12/19 00:00
2261,23,,10,23/12/19 00:00
2050,14,,7,24/12/19 00:00
1657,13,,4,25/12/19 00:00
1841,29,,14,26/12/19 00:00
2266,30,1,13,27/12/19 00:00
2395,32,1,22,28/12/19 00:00
2534,34,2,20,29/12/19 00:00
2353,40,,11,30/12/19 00:00
2347,52,,23,31/12/19 00:00
2099,19,,7,01/01/20 00:00
2580,31,1,10,02/01/20 00:00
3052,38,2,8,03/01/20 00:00
2455,35,1,4,04/01/20 00:00
3002,24,1,4,05/01/20 00:00
3004,39,1,12,06/01/20 00:00
3564,42,,3,07/01/20 00:00
4106,28,1,54,08/01/20 00:00
3320,20,2,40,09/01/20 00:00
3665,58,,26,10/01/20 00:00
2764,45,1,36,11/01/20 00:00
3382,65,3,24,12/01/20 00:00
3520,39,,15,13/01/20 00:00
3833,72,1,21,14/01/20 00:00
3661,78,4,18,15/01/20 00:00
3217,70,6,22,16/01/20 00:00
3299,51,7,24,17/01/20 00:00
3048,35,3,14,18/01/20 00:00
2825,30,2,7,19/01/20 00:00
3472,36,12,13,20/01/20 00:00
3294,86,21,8,21/01/20 00:00
3505,62,55,14,22/01/20 00:00
3240,50,84,22,23/01/20 00:00
3590,59,171,21,24/01/20 00:00
2885,55,184,25,25/01/20 00:00
2866,39,204,14,26/01/20 00:00
3451,38,197,25,27/01/20 00:00
3707,49,234,10,28/01/20 00:00
4015,37,234,16,29/01/20 00:00
3821,42,254,15,30/01/20 00:00
3827,51,283,27,31/01/20 00:00
3369,39,195,21,01/02/20 00:00
3197,45,208,9,02/02/20 00:00
3924,44,230,16,03/02/20 00:00
4071,50,257,30,04/02/20 00:00
4630,40,192,12,05/02/20 00:00
4854,30,160,34,06/02/20 00:00
4216,18,191,31,07/02/20 00:00
3590,29,156,34,08/02/20 00:00
3752,17,163,14,09/02/20 00:00
4326,31,241,27,10/02/20 00:00
4040,57,194,27,11/02/20 00:00
4536,46,218,24,12/02/20 00:00
4539,25,192,22,13/02/20 00:00
3993,32,197,6,14/02/20 00:00
4029,29,167,4,15/02/20 00:00
4488,32,182,8,16/02/20 00:00
4065,29,182,8,17/02/20 00:00
4591,36,143,20,18/02/20 00:00
4624,39,126,20,19/02/20 00:00
4569,27,147,15,20/02/20 00:00
4911,28,251,34,21/02/20 00:00
4631,15,315,9,22/02/20 00:00
4989,28,407,9,23/02/20 00:00
5052,30,473,1,24/02/20 00:00
5870,24,645,9,25/02/20 00:00
5808,31,711,4,26/02/20 00:00
6119,19,687,5,27/02/20 00:00
5949,26,702,10,28/02/20 00:00
5174,17,569,9,29/02/20 00:00
5028,30,469,8,01/03/20 00:00
6210,28,570,9,02/03/20 00:00
6318,22,653,9,03/03/20 00:00
6031,35,618,11,04/03/20 00:00
6253,52,630,9,05/03/20 00:00
5848,35,724,9,06/03/20 00:00
5197,7,674,29,07/03/20 00:00
5281,19,600,12,08/03/20 00:00
5893,22,931,15,09/03/20 00:00
6666,31,1006,8,10/03/20 00:00
7359,23,1039,3,11/03/20 00:00
7722,14,1440,7,12/03/20 00:00
7819,18,1431,9,13/03/20 00:00
6870,7,1176,5,14/03/20 00:00
7145,15,1202,8,15/03/20 00:00
7613,17,1360,6,16/03/20 00:00
7576,14,1507,10,17/03/20 00:00
7392,24,1472,19,18/03/20 00:00
7278,20,1416,7,19/03/20 00:00
7210,23,1369,8,20/03/20 00:00
6659,7,1157,4,21/03/20 00:00
6881,12,1255,6,22/03/20 00:00
6743,12,1408,2,23/03/20 00:00
6962,18,1412,5,24/03/20 00:00
7093,16,1475,4,25/03/20 00:00
7304,20,1242,8,26/03/20 00:00
7730,16,1191,4,27/03/20 00:00
6561,12,1120,7,28/03/20 00:00
7537,14,1198,17,29/03/20 00:00
8058,21,1316,4,30/03/20 00:00
7679,12,1341,5,31/03/20 00:00
7502,22,1298,4,01/04/20 00:00
9324,16,1314,5,02/04/20 00:00
9322,8,1340,10,03/04/20 00:00
8942,10,989,21,04/04/20 00:00
7878,7,1080,5,05/04/20 00:00
9168,9,1233,10,06/04/20 00:00
8795,10,1195,3,07/04/20 00:00
8613,7,1176,14,08/04/20 00:00
9272,12,1207,7,09/04/20 00:00
13296,10,1186,7,10/04/20 00:00
10976,22,993,10,11/04/20 00:00
11178,7,765,3,12/04/20 00:00
10347,11,965,20,13/04/20 00:00
9811,7,978,22,14/04/20 00:00
10085,14,1177,12,15/04/20 00:00
9844,8,1183,16,16/04/20 00:00
8691,8,1197,9,17/04/20 00:00
8115,7,932,8,18/04/20 00:00
11443,8,948,2,19/04/20 00:00
8339,15,1031,4,20/04/20 00:00
10207,20,957,10,21/04/20 00:00
9460,21,1187,9,22/04/20 00:00
10241,11,1168,6,23/04/20 00:00
10437,8,1146,8,24/04/20 00:00
8746,14,951,4,25/04/20 00:00
8714,10,801,7,26/04/20 00:00
8941,15,1008,15,27/04/20 00:00
10504,34,1218,23,28/04/20 00:00
11828,16,1157,34,29/04/20 00:00
10494,20,1091,29,30/04/20 00:00
10750,13,963,7,01/05/20 00:00
9528,13,795,6,02/05/20 00:00
9640,34,838,5,03/05/20 00:00
9474,17,894,3,04/05/20 00:00
9262,9,873,9,05/05/20 00:00
9423,13,918,12,06/05/20 00:00
10740,18,879,34,07/05/20 00:00
9927,10,850,10,08/05/20 00:00
9978,15,950,4,09/05/20 00:00
9716,16,809,15,10/05/20 00:00
11291,15,1025,10,11/05/20 00:00
11382,6,955,5,12/05/20 00:00
11482,31,975,7,13/05/20 00:00
11951,19,997,7,14/05/20 00:00
10689,22,891,16,15/05/20 00:00
9608,12,780,10,16/05/20 00:00
12373,21,793,17,17/05/20 00:00
10828,12,813,9,18/05/20 00:00
10762,23,811,11,19/05/20 00:00
10917,19,846,61,20/05/20 00:00
10249,26,806,46,21/05/20 00:00
9679,11,796,47,22/05/20 00:00
10548,11,757,18,23/05/20 00:00
11419,29,735,7,24/05/20 00:00
11549,15,852,8,25/05/20 00:00
9883,16,883,4,26/05/20 00:00
11863,14,820,38,27/05/20 00:00
11973,20,860,13,28/05/20 00:00
12986,13,705,19,29/05/20 00:00
13120,20,505,12,30/05/20 00:00
12968,17,411,8,31/05/20 00:00
13625,13,423,8,01/06/20 00:00
12818,15,488,11,02/06/20 00:00
12809,28,506,6,03/06/20 00:00
13097,21,602,7,04/06/20 00:00
14331,11,644,9,05/06/20 00:00
13272,7,448,2,06/06/20 00:00
13080,10,511,6,07/06/20 00:00
13320,9,636,13,08/06/20 00:00
13459,12,572,5,09/06/20 00:00
11872,14,648,14,10/06/20 00:00
11938,17,597,7,11/06/20 00:00
12141,11,609,11,12/06/20 00:00
12003,25,574,5,13/06/20 00:00
12414,19,556,21,14/06/20 00:00
12652,13,546,16,15/06/20 00:00
13307,29,807,20,16/06/20 00:00
14902,10,767,16,17/06/20 00:00
14349,15,626,9,18/06/20 00:00
12065,24,622,3,19/06/20 00:00
11899,13,528,10,20/06/20 00:00
15304,18,557,15,21/06/20 00:00
13011,21,643,17,22/06/20 00:00
13658,23,621,58,23/06/20 00:00
12725,11,534,34,24/06/20 00:00
14155,23,622,11,25/06/20 00:00
11548,16,611,8,26/06/20 00:00
9995,11,650,11,27/06/20 00:00
10753,17,580,5,28/06/20 00:00
11262,10,556,18,29/06/20 00:00
11164,26,583,2,30/06/20 00:00
13389,46,645,7,01/07/20 00:00
14226,23,704,5,02/07/20 00:00
11894,9,658,4,03/07/20 00:00
11790,22,589,16,04/07/20 00:00
12771,14,540,6,05/07/20 00:00
12528,15,756,8,06/07/20 00:00
14054,13,810,8,07/07/20 00:00
13139,31,819,7,08/07/20 00:00
14623,39,730,26,09/07/20 00:00
13529,18,712,40,10/07/20 00:00
14534,23,562,5,11/07/20 00:00
12268,23,602,10,12/07/20 00:00
14920,21,770,8,13/07/20 00:00
14524,23,759,5,14/07/20 00:00
15365,17,671,31,15/07/20 00:00
14653,29,671,18,16/07/20 00:00
13915,29,807,18,17/07/20 00:00
13515,25,607,10,18/07/20 00:00
14333,27,683,27,19/07/20 00:00
16009,32,820,26,20/07/20 00:00
17313,31,776,75,21/07/20 00:00
17142,40,880,30,22/07/20 00:00
15645,31,930,29,23/07/20 00:00
14859,21,826,16,24/07/20 00:00
12888,11,632,10,25/07/20 00:00
14499,13,702,11,26/07/20 00:00
15172,13,860,12,27/07/20 00:00
15728,18,919,23,28/07/20 00:00
15407,18,866,7,29/07/20 00:00
15324,9,857,4,30/07/20 00:00
15172,19,752,29,31/07/20 00:00
19310,11,812,30,01/08/20 00:00
15842,12,863,8,02/08/20 00:00
16449,35,1016,16,03/08/20 00:00
19219,14,982,24,04/08/20 00:00
17963,20,916,62,05/08/20 00:00
16456,22,1028,25,06/08/20 00:00
18079,37,878,19,07/08/20 00:00
16339,20,711,15,08/08/20 00:00
16223,23,710,12,09/08/20 00:00
19163,14,986,23,10/08/20 00:00
18076,25,1094,32,11/08/20 00:00
17553,32,1011,9,12/08/20 00:00
18966,33,1056,10,13/08/20 00:00
17180,41,913,17,14/08/20 00:00
15437,34,627,12,15/08/20 00:00
17049,23,801,12,16/08/20 00:00
19135,40,1124,18,17/08/20 00:00
19760,30,1024,17,18/08/20 00:00
19089,31,1057,45,19/08/20 00:00
19347,38,939,21,20/08/20 00:00
18674,52,1076,18,21/08/20 00:00
17723,37,945,16,22/08/20 00:00
17655,37,898,15,23/08/20 00:00
19245,41,1150,13,24/08/20 00:00
18114,42,1080,11,25/08/20 00:00
19013,14,1135,6,26/08/20 00:00
19997,26,1135,11,27/08/20 00:00
23934,23,1377,27,28/08/20 00:00
31032,22,1095,20,29/08/20 00:00
25088,24,1006,9,30/08/20 00:00
22371,44,1283,15,31/08/20 00:00
22723,24,1550,19,01/09/20 00:00
23292,19,1499,17,02/09/20 00:00
22141,28,1303,7,03/09/20 00:00
20517,57,1222,16,04/09/20 00:00
20034,43,1112,22,05/09/20 00:00
20027,60,1113,22,06/09/20 00:00
20631,72,1215,10,07/09/20 00:00
23056,46,1241,44,08/09/20 00:00
21393,50,1318,28,09/09/20 00:00
23325,47,1118,58,10/09/20 00:00
20911,45,995,39,11/09/20 00:00
17587,69,875,6,12/09/20 00:00
19877,84,852,23,13/09/20 00:00
20632,84,1053,24,14/09/20 00:00
19942,112,1054,21,15/09/20 00:00
20102,102,934,26,16/09/20 00:00
18870,53,940,59,17/09/20 00:00
18105,40,958,28,18/09/20 00:00
16930,23,833,28,19/09/20 00:00
16321,30,874,15,20/09/20 00:00
19553,65,1031,27,21/09/20 00:00
18536,41,1002,28,22/09/20 00:00
22323,88,1172,106,23/09/20 00:00
20379,79,1113,62,24/09/20 00:00
20310,95,1174,72,25/09/20 00:00
18472,52,974,69,26/09/20 00:00
17807,52,993,33,27/09/20 00:00
19199,52,1239,63,28/09/20 00:00
21449,72,1034,20,29/09/20 00:00
20608,73,1139,16,30/09/20 00:00
23195,34,1237,11,01/10/20 00:00
23584,31,1794,23,02/10/20 00:00
20826,28,1293,15,03/10/20 00:00
22705,29,1159,27,04/10/20 00:00
24359,30,1630,17,05/10/20 00:00
22426,38,1573,12,06/10/20 00:00
26047,38,1287,44,07/10/20 00:00
25138,39,1425,14,08/10/20 00:00
23896,40,1439,18,09/10/20 00:00
21099,68,1122,10,10/10/20 00:00
21507,59,1495,2,11/10/20 00:00
22824,55,1636,20,12/10/20 00:00
22374,49,1810,9,13/10/20 00:00
25461,43,1625,100,14/10/20 00:00
27252,23,1820,223,15/10/20 00:00
25362,39,1662,126,16/10/20 00:00
23789,57,1516,96,17/10/20 00:00
24933,33,1424,72,18/10/20 00:00
25267,39,1542,106,19/10/20 00:00
24912,30,1598,105,20/10/20 00:00
26967,43,1845,73,21/10/20 00:00
27573,36,1696,75,22/10/20 00:00
24836,40,1577,38,23/10/20 00:00
25468,39,1598,38,24/10/20 00:00
30837,29,1451,101,25/10/20 00:00
29736,78,1863,40,26/10/20 00:00
30670,34,1971,60,27/10/20 00:00
29856,46,2041,12,28/10/20 00:00
29673,18,1808,46,29/10/20 00:00
28398,29,1763,33,30/10/20 00:00
27468,31,1468,30,31/10/20 00:00
29506,51,1679,13,01/11/20 00:00
32478,39,1965,15,02/11/20 00:00
36138,25,1672,9,03/11/20 00:00
46956,30,1239,21,04/11/20 00:00
37481,17,1264,9,05/11/20 00:00
35999,26,1282,9,06/11/20 00:00
40578,15,1045,13,07/11/20 00:00
36560,42,1155,24,08/11/20 00:00
37822,29,1530,28,09/11/20 00:00
37406,88,1626,40,10/11/20 00:00
36835,41,1662,19,11/11/20 00:00
37263,51,1761,24,12/11/20 00:00
36133,46,2071,20,13/11/20 00:00
34340,50,1526,12,14/11/20 00:00
35451,78,1585,41,15/11/20 00:00
33973,96,2282,23,16/11/20 00:00
32861,49,2031,94,17/11/20 00:00
39797,26,1731,55,18/11/20 00:00
34910,67,1880,20,19/11/20 00:00
32898,63,1814,65,20/11/20 00:00
33748,42,1797,25,21/11/20 00:00
32518,82,1740,24,22/11/20 00:00
31889,116,1842,9,23/11/20 00:00
33249,77,2366,18,24/11/20 00:00
33404,137,1715,29,25/11/20 00:00
32022,49,1891,38,26/11/20 00:00
29960,33,1639,19,27/11/20 00:00
31928,63,1627,9,28/11/20 00:00
28221,29,1395,14,29/11/20 00:00
31605,22,1701,14,30/11/20 00:00
33244,36,1617,10,01/12/20 00:00
33713,59,1961,36,02/12/20 00:00
30751,52,1942,21,03/12/20 00:00
30689,67,1822,24,04/12/20 00:00
30588,24,1730,6,05/12/20 00:00
31405,42,1969,8,06/12/20 00:00
31796,52,2116,15,07/12/20 00:00
36910,55,2142,11,08/12/20 00:00
39437,58,2155,38,09/12/20 00:00
36568,40,2192,25,10/12/20 00:00
35186,70,2100,23,11/12/20 00:00
36206,65,1826,19,12/12/20 00:00
37245,62,1905,24,13/12/20 00:00
42291,44,2078,21,14/12/20 00:00
37952,59,1981,27,15/12/20 00:00
37746,45,2113,16,16/12/20 00:00
38096,57,2461,18,17/12/20 00:00
37700,39,2515,18,18/12/20 00:00
35798,36,2186,22,19/12/20 00:00
36001,82,2380,12,20/12/20 00:00
35309,49,2529,8,21/12/20 00:00
36001,65,2269,16,22/12/20 00:00
33235,40,2337,25,23/12/20 00:00
26893,27,1251,15,24/12/20 00:00
27903,32,1592,6,25/12/20 00:00
30389,55,1938,18,26/12/20 00:00
33696,76,2267,4,27/12/20 00:00
34643,121,2522,124,28/12/20 00:00
35721,78,2359,67,29/12/20 00:00
34218,49,2610,51,30/12/20 00:00
30812,64,1860,40,31/12/20 00:00
31118,34,1455,15,01/01/21 00:00
34231,78,1964,16,02/01/21 00:00
37671,111,2112,14,03/01/21 00:00
40267,110,1957,10,04/01/21 00:00
43860,68,2384,73,05/01/21 00:00
70220,22,1512,24,06/01/21 00:00
62713,82,1421,27,07/01/21 00:00
62307,47,1708,20,08/01/21 00:00
64286,76,1696,70,09/01/21 00:00
71392,72,2136,29,10/01/21 00:00
81432,74,2192,85,11/01/21 00:00
78302,148,2852,79,12/01/21 00:00
80783,50,2926,72,13/01/21 00:00
77802,87,3187,274,14/01/21 00:00
79769,78,3432,192,15/01/21 00:00
78351,73,2895,80,16/01/21 00:00
77176,61,3037,45,17/01/21 00:00
79585,70,2892,35,18/01/21 00:00
96215,95,2756,20,19/01/21 00:00
133259,253,2335,162,20/01/21 00:00
101245,248,3086,109,21/01/21 00:00
91304,116,3181,114,22/01/21 00:00
80261,95,2877,88,23/01/21 00:00
81444,143,3476,117,24/01/21 00:00
83204,115,3774,55,25/01/21 00:00
85044,148,3910,132,26/01/21 00:00
83827,238,3811,73,27/01/21 00:00
81449,255,3263,104,28/01/21 00:00
78809,102,3225,41,29/01/21 00:00
73421,224,2809,17,30/01/21 00:00
76066,127,3206,29,31/01/21 00:00
82409,189,3328,18,01/02/21 00:00
83953,158,3415,24,02/02/21 00:00
82097,199,3430,61,03/02/21 00:00
79913,112,3431,38,04/02/21 00:00
82959,162,3189,26,05/02/21 00:00
82940,159,2835,8,06/02/21 00:00
84652,220,3325,18,07/02/21 00:00
89565,174,3354,63,08/02/21 00:00
89252,185,3702,42,09/02/21 00:00
87143,155,3796,57,10/02/21 00:00
85103,231,3555,54,11/02/21 00:00
81934,117,3458,29,12/02/21 00:00
89051,114,2730,17,13/02/21 00:00
80912,122,2981,11,14/02/21 00:00
86206,174,3649,36,15/02/21 00:00
94635,367,4080,34,16/02/21 00:00
95518,234,3650,43,17/02/21 00:00
90686,367,3796,36,18/02/21 00:00
89121,571,3816,29,19/02/21 00:00
82352,274,3098,34,20/02/21 00:00
83348,252,3339,37,21/02/21 00:00
90327,196,3697,27,22/02/21 00:00
94758,116,3670,38,23/02/21 00:00
89859,140,3412,24,24/02/21 00:00
89386,125,3742,42,25/02/21 00:00
92470,162,3760,49,26/02/21 00:00
84051,139,3366,27,27/02/21 00:00
86885,127,3487,15,28/02/21 00:00
78673,109,3755,19,01/03/21 00:00
83339,139,4075,79,02/03/21 00:00
88385,96,4877,37,03/03/21 00:00
90461,260,4382,41,04/03/21 00:00
87085,144,4165,43,05/03/21 00:00
79113,105,4086,28,06/03/21 00:00
78650,93,4048,47,07/03/21 00:00
84455,153,3897,65,08/03/21 00:00
85276,194,4201,32,09/03/21 00:00
84113,168,3912,55,10/03/21 00:00
93314,144,4645,59,11/03/21 00:00
84599,198,4371,38,12/03/21 00:00
77464,107,4191,32,13/03/21 00:00
83224,174,4086,57,14/03/21 00:00
87185,238,4357,89,15/03/21 00:00
86395,149,4336,84,16/03/21 00:00
91241,176,4408,113,17/03/21 00:00
89180,144,4467,140,18/03/21 00:00
93289,147,3932,65,19/03/21 00:00
88681,101,3536,107,20/03/21 00:00
88009,118,3977,134,21/03/21 00:00
90317,100,4380,86,22/03/21 00:00
90954,102,4606,66,23/03/21 00:00
99187,91,4310,54,24/03/21 00:00
98868,104,4301,104,25/03/21 00:00
98012,170,3926,136,26/03/21 00:00
95818,146,3671,69,27/03/21 00:00
91555,123,3566,58,28/03/21 00:00
101969,125,4080,36,29/03/21 00:00
101968,88,4888,75,30/03/21 00:00
99130,155,5740,536,31/03/21 00:00
98783,88,4831,516,01/04/21 00:00
98817,141,4074,1178,02/04/21 00:00
95385,120,3903,693,03/04/21 00:00
88692,97,3293,600,04/04/21 00:00
96417,115,3844,397,05/04/21 00:00
100850,130,4636,431,06/04/21 00:00
93703,114,4622,344,07/04/21 00:00
102774,140,4223,514,08/04/21 00:00
94147,146,4505,456,09/04/21 00:00
85240,110,4156,267,10/04/21 00:00
89600,140,4636,244,11/04/21 00:00
96791,516,5259,306,12/04/21 00:00
102458,253,5518,370,13/04/21 00:00
95809,301,5084,220,14/04/21 00:00
101366,199,5407,460,15/04/21 00:00
101144,199,4716,307,16/04/21 00:00
89621,138,4301,334,17/04/21 00:00
90606,231,4290,251,18/04/21 00:00
105101,224,4685,248,19/04/21 00:00
109190,292,4628,289,20/04/21 00:00
105158,318,5023,273,21/04/21 00:00
101862,490,4715,222,22/04/21 00:00
101689,461,4954,179,23/04/21 00:00
93667,235,4594,115,24/04/21 00:00
92450,227,4485,127,25/04/21 00:00
99116,301,5076,63,26/04/21 00:00
101652,277,5343,152,27/04/21 00:00
105511,223,5095,296,28/04/21 00:00
102449,369,5060,253,29/04/21 00:00
98794,353,4792,142,30/04/21 00:00
91122,251,4340,100,01/05/21 00:00
94550,236,4391,97,02/05/21 00:00
102917,333,4760,121,03/05/21 00:00
100037,329,4597,152,04/05/21 00:00
109858,391,5276,91,05/05/21 00:00
100833,325,5222,88,06/05/21 00:00
98076,233,4845,66,07/05/21 00:00
92045,180,4428,60,08/05/21 00:00
91075,151,4103,51,09/05/21 00:00
97766,189,5017,75,10/05/21 00:00
109903,255,5033,71,11/05/21 00:00
107132,278,4956,168,12/05/21 00:00
103495,191,4774,74,13/05/21 00:00
103874,216,4562,71,14/05/21 00:00
99832,217,4181,114,15/05/21 00:00
94602,248,4928,105,16/05/21 00:00
100377,313,5067,79,17/05/21 00:00
108063,272,5422,74,18/05/21 00:00
99880,244,4962,105,19/05/21 00:00
102435,351,5001,46,20/05/21 00:00
99984,298,4914,38,21/05/21 00:00
94962,270,4392,24,22/05/21 00:00
92000,255,4975,51,23/05/21 00:00
97690,291,5196,61,24/05/21 00:00
100984,186,5616,93,25/05/21 00:00
100232,322,5777,79,26/05/21 00:00
97405,217,5681,77,27/05/21 00:00
95225,267,5622,63,28/05/21 00:00
89101,163,4726,23,29/05/21 00:00
86244,124,4376,54,30/05/21 00:00
84891,158,4691,43,31/05/21 00:00
90066,204,4745,48,01/06/21 00:00
97847,180,5408,36,02/06/21 00:00
97417,182,4884,46,03/06/21 00:00
96510,167,4921,30,04/06/21 00:00
88157,152,4181,37,05/06/21 00:00
93136,155,4548,40,06/06/21 00:00
98289,158,4994,70,07/06/21 00:00
103082,226,4921,66,08/06/21 00:00
101903,194,5244,86,09/06/21 00:00
94846,348,4932,112,10/06/21 00:00
94628,348,5147,73,11/06/21 00:00
91043,318,4881,116,12/06/21 00:00
91816,258,4840,161,13/06/21 00:00
97851,275,4424,248,14/06/21 00:00
98211,330,4840,197,15/06/21 00:00
95365,334,4884,76,16/06/21 00:00
96818,246,5157,57,17/06/21 00:00
92237,294,4846,110,18/06/21 00:00
86287,337,4425,56,19/06/21 00:00
84966,242,4257,37,20/06/21 00:00
90190,340,4708,48,21/06/21 00:00
92206,315,5309,39,22/06/21 00:00
98396,274,5184,88,23/06/21 00:00
98848,275,4805,39,24/06/21 00:00
95931,341,4364,67,25/06/21 00:00
88892,243,3868,78,26/06/21 00:00
92778,212,4427,79,27/06/21 00:00
96339,251,4750,61,28/06/21 00:00
102950,351,4981,53,29/06/21 00:00
100935,473,5125,108,30/06/21 00:00
98111,399,4957,63,01/07/21 00:00
96965,272,4669,128,02/07/21 00:00
88921,189,4209,104,03/07/21 00:00
93075,191,4750,64,04/07/21 00:00
94678,257,5108,51,05/07/21 00:00
97398,239,5030,77,06/07/21 00:00
108372,281,5024,52,07/07/21 00:00
102635,259,5479,78,08/07/21 00:00
107464,229,5085,80,09/07/21 00:00
95542,241,4677,30,10/07/21 00:00
101209,244,4762,33,11/07/21 00:00
111667,280,5296,50,12/07/21 00:00
124218,447,5726,40,13/07/21 00:00
123014,423,6219,90,14/07/21 00:00
123985,670,5751,43,15/07/21 00:00
125574,883,5289,31,16/07/21 00:00
118451,1091,4980,22,17/07/21 00:00
118263,984,4782,34,18/07/21 00:00
122712,856,6309,88,19/07/21 00:00
126128,703,6433,42,20/07/21 00:00
128006,1039,5937,110,21/07/21 00:00
132468,627,5997,128,22/07/21 00:00
128822,484,6217,127,23/07/21 00:00
133696,444,6196,164,24/07/21 00:00
127860,363,6321,130,25/07/21 00:00
132914,485,7379,52,26/07/21 00:00
132902,376,6945,67,27/07/21 00:00
138103,390,7683,77,28/07/21 00:00
134140,332,8066,64,29/07/21 00:00
135952,375,7655,46,30/07/21 00:00
119665,290,6852,42,31/07/21 00:00
124593,245,7146,71,01/08/21 00:00
127899,345,7422,46,02/08/21 00:00
136638,280,6877,123,03/08/21 00:00
132021,320,8075,50,04/08/21 00:00
141107,268,8605,42,05/08/21 00:00
129407,298,7171,43,06/08/21 00:00
128698,279,6765,39,07/08/21 00:00
119653,400,6194,42,08/08/21 00:00
133962,675,7833,34,09/08/21 00:00
137966,575,7322,74,10/08/21 00:00
150341,415,7386,42,11/08/21 00:00
142505,446,7300,32,12/08/21 00:00
133534,347,7071,33,13/08/21 00:00
128600,326,6326,54,14/08/21 00:00
123952,272,5995,52,15/08/21 00:00
141948,453,6716,49,16/08/21 00:00
143812,382,6252,42,17/08/21 00:00
137678,223,6653,40,18/08/21 00:00
137305,170,6944,40,19/08/21 00:00
128677,249,6446,70,20/08/21 00:00
130531,184,5574,38,21/08/21 00:00
131909,199,6468,52,22/08/21 00:00
142722,250,8762,68,23/08/21 00:00
138470,265,7534,84,24/08/21 00:00
132664,244,7767,42,25/08/21 00:00
140160,215,7393,68,26/08/21 00:00
134257,209,7054,34,27/08/21 00:00
129586,223,6357,35,28/08/21 00:00
130516,214,6643,29,29/08/21 00:00
135456,287,7125,25,30/08/21 00:00
136622,212,7017,33,31/08/21 00:00
138543,275,7453,131,01/09/21 00:00
136361,572,7855,104,02/09/21 00:00
127899,428,7270,46,03/09/21 00:00
120263,230,6375,64,04/09/21 00:00
124236,276,6758,41,05/09/21 00:00
128032,239,7102,48,06/09/21 00:00
133796,376,7105,49,07/09/21 00:00
134990,342,6766,54,08/09/21 00:00
138585,289,7252,26,09/09/21 00:00
134207,284,7807,71,10/09/21 00:00
130801,174,6340,61,11/09/21 00:00
127668,225,6937,63,12/09/21 00:00
129979,265,7955,83,13/09/21 00:00
135589,254,7870,47,14/09/21 00:00
135498,312,7651,36,15/09/21 00:00
138179,336,7477,43,16/09/21 00:00
140995,371,7525,99,17/09/21 00:00
136580,306,6611,101,18/09/21 00:00
135766,318,6662,62,19/09/21 00:00
144846,488,7900,62,20/09/21 00:00
148901,467,8842,44,21/09/21 00:00
149387,457,7390,88,22/09/21 00:00
146354,378,8379,62,23/09/21 00:00
162968,432,6352,65,24/09/21 00:00
148341,443,5890,22,25/09/21 00:00
143337,497,5652,26,26/09/21 00:00
157767,464,6814,77,27/09/21 00:00
157863,525,7519,78,28/09/21 00:00
165117,432,8080,34,29/09/21 00:00
147389,491,7213,50,30/09/21 00:00
140319,573,7014,80,01/10/21 00:00
128400,461,6636,126,02/10/21 00:00
126958,378,6494,124,03/10/21 00:00
185917,408,6484,145,04/10/21 00:00
150903,357,7239,131,05/10/21 00:00
148692,382,7599,188,06/10/21 00:00
144039,402,7211,87,07/10/21 00:00
133211,644,6675,59,08/10/21 00:00
130709,346,5798,33,09/10/21 00:00
130883,404,5521,76,10/10/21 00:00
148618,495,6748,178,11/10/21 00:00
152776,503,6889,91,12/10/21 00:00
153177,480,7293,68,13/10/21 00:00
149654,488,6455,68,14/10/21 00:00
155705,494,6843,91,15/10/21 00:00
142902,471,5974,66,16/10/21 00:00
133236,398,6033,57,17/10/21 00:00
167877,595,7403,66,18/10/21 00:00
160739,505,7338,140,19/10/21 00:00
155451,543,7074,112,20/10/21 00:00
150649,451,7312,112,21/10/21 00:00
149769,449,6999,108,22/10/21 00:00
139885,403,6155,144,23/10/21 00:00
138861,458,5839,106,24/10/21 00:00
154818,494,6752,54,25/10/21 00:00
155029,635,6571,93,26/10/21 00:00
147436,541,6401,116,27/10/21 00:00
156702,539,7076,92,28/10/21 00:00
149443,544,6624,114,29/10/21 00:00
139338,610,5735,80,30/10/21 00:00
147857,684,6334,104,31/10/21 00:00
150288,1306,7782,119,01/11/21 00:00
162744,1392,7981,134,02/11/21 00:00
172009,1044,8332,116,03/11/21 00:00
162246,814,8267,140,04/11/21 00:00
154774,634,8118,125,05/11/21 00:00
153862,575,7201,106,06/11/21 00:00
146014,524,6548,112,07/11/21 00:00
144437,729,7565,82,08/11/21 00:00
153904,808,8279,88,09/11/21 00:00
151728,688,7892,123,10/11/21 00:00
154372,520,7944,244,11/11/21 00:00
158900,469,8270,216,12/11/21 00:00
153522,441,7134,205,13/11/21 00:00
153888,416,6964,235,14/11/21 00:00
155451,550,7876,372,15/11/21 00:00
161544,399,8230,312,16/11/21 00:00
157932,405,8672,255,17/11/21 00:00
160391,400,8883,258,18/11/21 00:00
180050,290,9149,136,19/11/21 00:00
168792,229,7809,130,20/11/21 00:00
152998,290,7805,179,21/11/21 00:00
152713,298,8028,183,22/11/21 00:00
156290,358,8367,175,23/11/21 00:00
159981,308,8523,283,24/11/21 00:00
155764,266,8857,143,25/11/21 00:00
160363,336,9642,295,26/11/21 00:00
166428,244,9285,189,27/11/21 00:00
181742,260,10623,146,28/11/21 00:00
177637,233,10022,174,29/11/21 00:00
160472,318,8802,364,30/11/21 00:00
163598,236,9354,381,01/12/21 00:00
165949,240,8950,403,02/12/21 00:00
158545,212,8980,193,03/12/21 00:00
149898,184,8913,274,04/12/21 00:00
144080,210,7714,233,05/12/21 00:00
158308,269,8445,455,06/12/21 00:00
157581,270,8240,499,07/12/21 00:00
165787,251,8158,432,08/12/21 00:00
157392,318,8158,474,09/12/21 00:00
155269,297,7503,290,10/12/21 00:00
139444,264,6691,215,11/12/21 00:00
148543,273,6807,290,12/12/21 00:00
152950,407,8049,347,13/12/21 00:00
163512,444,8341,317,14/12/21 00:00
159965,272,8174,278,15/12/21 00:00
150144,246,8179,249,16/12/21 00:00
145908,287,8166,311,17/12/21 00:00
154316,220,8259,288,18/12/21 00:00
146051,196,8274,199,19/12/21 00:00
161755,269,10116,438,20/12/21 00:00
161981,264,8935,461,21/12/21 00:00
157272,203,9746,438,22/12/21 00:00
149617,258,8807,461,23/12/21 00:00
137694,104,7680,393,24/12/21 00:00
132869,92,10122,272,25/12/21 00:00
164222,174,17666,241,26/12/21 00:00
177317,216,16453,304,27/12/21 00:00
151518,227,10522,229,28/12/21 00:00
163264,231,9861,368,29/12/21 00:00
165167,296,9132,247,30/12/21 00:00
148734,200,7001,206,31/12/21 00:00
138395,282,6961,155,01/01/22 00:00
161011,248,8510,143,02/01/22 00:00
170091,345,9638,234,03/01/22 00:00
181598,348,10329,177,04/01/22 00:00
197192,335,9953,293,05/01/22 00:00
197892,271,9401,347,06/01/22 00:00
184649,249,10296,275,07/01/22 00:00
182896,315,9572,232,08/01/22 00:00
178257,334,9001,533,09/01/22 00:00
187137,338,9770,461,10/01/22 00:00
190264,455,10877,365,11/01/22 00:00
185803,282,10837,358,12/01/22 00:00
184207,377,10940,349,13/01/22 00:00
180539,355,10747,948,14/01/22 00:00
165805,270,8791,781,15/01/22 00:00
180425,297,8619,445,16/01/22 00:00
178085,377,9865,681,17/01/22 00:00
182051,398,10716,1418,18/01/22 00:00
183439,630,11373,1497,19/01/22 00:00
175143,518,10174,1282,20/01/22 00:00
183409,393,10588,1233,21/01/22 00:00
167688,314,8679,1433,22/01/22 00:00
172091,308,8237,1638,23/01/22 00:00
173315,348,8606,3069,24/01/22 00:00
172812,432,9706,2413,25/01/22 00:00
177059,380,9054,1970,26/01/22 00:00
191293,243,9608,1266,27/01/22 00:00
180535,214,8742,1599,28/01/22 00:00
175368,285,7756,1060,29/01/22 00:00
183734,275,7937,1058,30/01/22 00:00
184397,262,8971,1133,31/01/22 00:00
179743,425,8926,1046,01/02/22 00:00
176949,405,8726,1100,02/02/22 00:00
183338,426,8927,809,03/02/22 00:00
180359,375,8592,999,04/02/22 00:00
168160,375,7644,1093,05/02/22 00:00
168010,419,7586,1081,06/02/22 00:00
174698,639,7840,1298,07/02/22 00:00
184744,556,7790,1189,08/02/22 00:00
181935,795,9049,822,09/02/22 00:00
181049,650,11005,1033,10/02/22 00:00
180466,471,9281,2498,11/02/22 00:00
172156,393,6993,3159,12/02/22 00:00
182828,343,8786,2827,13/02/22 00:00
191122,354,12982,3025,14/02/22 00:00
198896,437,13258,3537,15/02/22 00:00
167076,397,10184,2009,16/02/22 00:00
184016,351,11485,2614,17/02/22 00:00
194126,532,8879,3347,18/02/22 00:00
173766,403,6325,2983,19/02/22 00:00
182149,386,7973,2567,20/02/22 00:00
202101,401,7736,5643,21/02/22 00:00
194758,462,7860,5859,22/02/22 00:00
181585,355,8186,5666,23/02/22 00:00
276948,527,6662,25917,24/02/22 00:00
262419,596,6086,20371,25/02/22 00:00
228240,437,5896,18437,26/02/22 00:00
218699,381,5975,17989,27/02/22 00:00
212318,322,5506,18727,28/02/22 00:00
208151,479,5957,18316,01/03/22 00:00
209948,446,6196,15481,02/03/22 00:00
206983,459,6187,15485,03/03/22 00:00
206063,374,5546,14863,04/03/22 00:00
173789,346,4524,12691,05/03/22 00:00
173472,396,4741,13878,06/03/22 00:00
180575,458,5562,14328,07/03/22 00:00
185711,526,5300,12819,08/03/22 00:00
182503,490,6089,14845,09/03/22 00:00
175974,473,5271,13435,10/03/22 00:00
185748,348,5615,15370,11/03/22 00:00
158098,352,4816,10184,12/03/22 00:00
171465,330,5403,10371,13/03/22 00:00
172227,423,5634,10741,14/03/22 00:00
178211,446,5427,10561,15/03/22 00:00
179333,525,5574,11357,16/03/22 00:00
175947,409,5632,10836,17/03/22 00:00
176093,353,5457,9719,18/03/22 00:00
156690,351,4483,7867,19/03/22 00:00
155680,374,4485,8645,20/03/22 00:00
167221,418,4776,8442,21/03/22 00:00
181153,363,5496,8791,22/03/22 00:00
177554,449,5706,8157,23/03/22 00:00
173356,498,5174,8586,24/03/22 00:00
166926,397,4472,7808,25/03/22 00:00
144012,355,4427,6954,26/03/22 00:00
152788,399,3888,6443,27/03/22 00:00
164039,404,4696,6809,28/03/22 00:00
172491,336,4554,6518,29/03/22 00:00
171466,443,5187,5613,30/03/22 00:00
173734,399,5447,6082,31/03/22 00:00
162807,478,4702,5505,01/04/22 00:00
154389,391,4250,5277,02/04/22 00:00
167764,359,4378,5461,03/04/22 00:00
176375,519,4927,6783,04/04/22 00:00
184804,509,5490,6821,05/04/22 00:00
179502,410,5267,6469,06/04/22 00:00
193163,418,6698,5983,07/04/22 00:00
175638,431,5666,6300,08/04/22 00:00
163823,366,4895,5756,09/04/22 00:00
181753,323,4552,5541,10/04/22 00:00
178349,344,5580,6275,11/04/22 00:00
190302,332,6426,5990,12/04/22 00:00
192811,284,6221,6713,13/04/22 00:00
181631,350,5771,5815,14/04/22 00:00
176728,444,5396,4789,15/04/22 00:00
156723,267,4742,4850,16/04/22 00:00
152784,271,4043,4264,17/04/22 00:00
178914,270,6277,4748,18/04/22 00:00
191259,448,7028,5349,19/04/22 00:00
186722,404,5511,5747,20/04/22 00:00
177567,446,4966,5560,21/04/22 00:00
197667,654,5674,5276,22/04/22 00:00
164875,650,4127,4416,23/04/22 00:00
181315,561,4090,4162,24/04/22 00:00
191099,533,5027,4653,25/04/22 00:00
190592,419,5232,5886,26/04/22 00:00
185202,480,5554,5553,27/04/22 00:00
186537,551,5210,6311,28/04/22 00:00
186726,481,4935,5667,29/04/22 00:00
170125,459,4728,5105,30/04/22 00:00
159946,391,4696,5243,01/05/22 00:00
175489,625,4344,5126,02/05/22 00:00
194650,515,4198,5953,03/05/22 00:00
187547,507,4885,5579,04/05/22 00:00
191667,484,5372,5217,05/05/22 00:00
177735,391,5318,5185,06/05/22 00:00
163470,309,4477,4248,07/05/22 00:00
153267,302,3453,3972,08/05/22 00:00
165692,371,3785,4815,09/05/22 00:00
167061,339,4172,4564,10/05/22 00:00
159654,356,4990,5751,11/05/22 00:00
158258,403,4682,5264,12/05/22 00:00
154627,295,3971,6124,13/05/22 00:00
138188,296,3221,4439,14/05/22 00:00
149148,373,3127,4717,15/05/22 00:00
165059,479,3734,4714,16/05/22 00:00
173925,501,3827,4359,17/05/22 00:00
167060,404,4066,4143,18/05/22 00:00
159885,473,4179,4552,19/05/22 00:00
164019,409,4540,4023,20/05/22 00:00
141320,319,4610,2908,21/05/22 00:00
141907,407,4576,3355,22/05/22 00:00
160691,676,4893,4066,23/05/22 00:00
167403,878,4254,4505,24/05/22 00:00
162591,619,4378,3882,25/05/22 00:00
156035,485,4635,3486,26/05/22 00:00
155113,466,4521,3644,27/05/22 00:00
137639,463,4754,3590,28/05/22 00:00
141668,485,4774,3404,29/05/22 00:00
148658,707,4356,4177,30/05/22 00:00
161267,675,4073,3480,31/05/22 00:00
154346,562,4476,4142,01/06/22 00:00
146660,453,5013,3626,02/06/22 00:00
141330,440,5288,3565,03/06/22 00:00
134167,391,5622,3088,04/06/22 00:00
137723,509,6146,3204,05/06/22 00:00
149293,514,6066,3009,06/06/22 00:00
155758,558,6795,3200,07/06/22 00:00
158305,681,7014,2702,08/06/22 00:00
146376,571,4984,3409,09/06/22 00:00
141751,492,4595,3504,10/06/22 00:00
124622,450,3883,2862,11/06/22 00:00
127983,386,3508,2758,12/06/22 00:00
142032,592,4540,3293,13/06/22 00:00
147849,652,4284,3420,14/06/22 00:00
144600,547,4594,3357,15/06/22 00:00
149333,606,4190,4213,16/06/22 00:00
149664,754,4323,4103,17/06/22 00:00
131686,901,3248,2667,18/06/22 00:00
138745,761,3649,2900,19/06/22 00:00
146516,831,3508,3144,20/06/22 00:00
151810,749,4104,3491,21/06/22 00:00
158782,854,4140,3624,22/06/22 00:00
161652,588,4808,3385,23/06/22 00:00
167233,535,4262,3227,24/06/22 00:00
164413,524,3835,2469,25/06/22 00:00
152971,546,4579,2973,26/06/22 00:00
164618,758,4970,3339,27/06/22 00:00
160330,782,3584,3300,28/06/22 00:00
153925,698,3815,2983,29/06/22 00:00
162532,936,4308,3091,30/06/22 00:00
155154,813,5320,2770,01/07/22 00:00
137988,590,3853,2452,02/07/22 00:00
143484,647,3629,2468,03/07/22 00:00
159852,729,4104,2451,04/07/22 00:00
164765,830,4240,2546,05/07/22 00:00
186843,934,3895,2445,06/07/22 00:00
186844,731,4164,2952,07/07/22 00:00
160104,567,3852,2660,08/07/22 00:00
159362,555,3849,2318,09/07/22 00:00
160084,702,3912,2390,10/07/22 00:00
165284,854,4437,2636,11/07/22 00:00
159457,812,4196,2804,12/07/22 00:00
165395,772,5100,2364,13/07/22 00:00
170191,766,4481,2452,14/07/22 00:00
160564,770,3855,2269,15/07/22 00:00
142204,613,3638,1967,16/07/22 00:00
141695,815,3697,2469,17/07/22 00:00
151263,953,4183,2800,18/07/22 00:00
169260,1782,4276,2524,19/07/22 00:00
174425,2377,3941,2947,20/07/22 00:00
168793,1911,5472,2295,21/07/22 00:00
160719,1434,4487,2638,22/07/22 00:00
156832,1047,3880,2127,23/07/22 00:00
150347,1409,3939,2130,24/07/22 00:00
152285,1429,4202,2695,25/07/22 00:00
165161,1247,4260,2471,26/07/22 00:00
163041,943,4854,2328,27/07/22 00:00
157587,880,4218,2159,28/07/22 00:00
151293,921,3914,2372,29/07/22 00:00
146867,925,4388,2136,30/07/22 00:00
153065,734,3972,2336,31/07/22 00:00
158246,733,3782,2361,01/08/22 00:00
175162,724,3710,2372,02/08/22 00:00
162416,830,4129,2378,03/08/22 00:00
150865,844,4749,3036,04/08/22 00:00
154290,1091,5221,2731,05/08/22 00:00
155166,864,3865,2283,06/08/22 00:00
147489,961,3756,2363,07/08/22 00:00
151344,1035,3823,2562,08/08/22 00:00
180596,715,3589,2055,09/08/22 00:00
163028,662,3968,1912,10/08/22 00:00
160378,767,4098,2035,11/08/22 00:00
149371,891,4038,1715,12/08/22 00:00
143851,745,3475,1620,13/08/22 00:00
149871,847,3572,1687,14/08/22 00:00
148521,992,4692,1668,15/08/22 00:00
150219,910,4314,1633,16/08/22 00:00
161363,762,3632,1770,17/08/22 00:00
162952,1111,3520,2195,18/08/22 00:00
146985,898,3528,2124,19/08/22 00:00
142689,968,3665,1997,20/08/22 00:00
146875,920,3094,2731,21/08/22 00:00
150707,850,3904,2889,22/08/22 00:00
160592,819,3726,3161,23/08/22 00:00
166339,829,4267,3386,24/08/22 00:00
155095,796,3844,3287,25/08/22 00:00
156024,793,3979,2357,26/08/22 00:00
144368,732,3599,2098,27/08/22 00:00
148620,779,3471,1950,28/08/22 00:00
166357,880,4239,2166,29/08/22 00:00
171358,1015,3885,2251,30/08/22 00:00
162844,1004,3859,1939,31/08/22 00:00
163012,1005,3748,2915,01/09/22 00:00
170903,913,3809,2285,02/09/22 00:00
152557,787,2899,2562,03/09/22 00:00
151750,749,3427,2511,04/09/22 00:00
163448,770,3769,2464,05/09/22 00:00
169351,798,4021,2312,06/09/22 00:00
171880,843,4000,2640,07/09/22 00:00
206281,910,4219,2417,08/09/22 00:00
173275,852,3611,2090,09/09/22 00:00
162590,978,3330,2396,10/09/22 00:00
177052,862,2977,2997,11/09/22 00:00
171062,917,3969,3407,12/09/22 00:00
170546,850,3879,3153,13/09/22 00:00
176133,824,4059,3069,14/09/22 00:00
170610,896,4269,3091,15/09/22 00:00
169529,684,3698,3146,16/09/22 00:00
151012,700,3071,2620,17/09/22 00:00
159356,740,3062,2576,18/09/22 00:00
160250,928,3650,2720,19/09/22 00:00
179340,912,3714,3504,20/09/22 00:00
187194,919,3732,5160,21/09/22 00:00
180207,855,3644,3796,22/09/22 00:00
174628,911,3455,3355,23/09/22 00:00
164319,769,3246,2785,24/09/22 00:00
176254,733,3236,3029,25/09/22 00:00
184664,821,3907,2797,26/09/22 00:00
184028,717,3624,3652,27/09/22 00:00
202887,896,3177,4384,28/09/22 00:00
185554,823,3325,4009,29/09/22 00:00
191814,948,3301,6040,30/09/22 00:00
172535,826,3499,4283,01/10/22 00:00
178861,795,3364,3052,02/10/22 00:00
185308,876,3262,3707,03/10/22 00:00
184245,689,3440,3630,04/10/22 00:00
185352,744,3858,4055,05/10/22 00:00
185414,764,3545,3647,06/10/22 00:00
173308,662,3254,3877,07/10/22 00:00
193639,447,3298,4959,08/10/22 00:00
205064,539,3148,3687,09/10/22 00:00
237387,584,3396,10368,10/10/22 00:00
201619,893,4342,6943,11/10/22 00:00
191070,1009,4848,4779,12/10/22 00:00
199243,709,4701,4702,13/10/22 00:00
188248,818,4327,4209,14/10/22 00:00
170264,667,3914,3815,15/10/22 00:00
172342,774,3155,3430,16/10/22 00:00
187585,1040,3800,4247,17/10/22 00:00
197071,666,4764,4106,18/10/22 00:00
192993,849,5000,4276,19/10/22 00:00
198186,818,5073,4075,20/10/22 00:00
190972,684,4582,3671,21/10/22 00:00
183862,732,4499,3635,22/10/22 00:00
184589,811,3804,3725,23/10/22 00:00
184446,870,4117,4040,24/10/22 00:00
200543,667,4208,4367,25/10/22 00:00
182954,783,4266,3475,26/10/22 00:00
187465,666,3777,3466,27/10/22 00:00
196213,738,4882,2590,28/10/22 00:00
169108,690,3563,2715,29/10/22 00:00
174234,702,3393,2337,30/10/22 00:00
184955,1092,3836,2854,31/10/22 00:00
191416,826,3541,2771,01/11/22 00:00
191393,959,3870,2625,02/11/22 00:00
187337,1131,3815,2661,03/11/22 00:00
194545,973,3900,2826,04/11/22 00:00
191206,976,3178,2765,05/11/22 00:00
205523,1291,3232,3030,06/11/22 00:00
204089,1639,3689,2502,07/11/22 00:00
263722,1575,3333,2017,08/11/22 00:00
307653,1198,3154,2300,09/11/22 00:00
203993,1424,3333,2023,10/11/22 00:00
206019,1694,3400,2242,11/11/22 00:00
180379,1431,3196,2079,12/11/22 00:00
185362,1194,2960,3021,13/11/22 00:00
202380,1438,3944,2997,14/11/22 00:00
242734,1235,4224,5306,15/11/22 00:00
249666,772,3557,5608,16/11/22 00:00
196875,1059,3629,3878,17/11/22 00:00
189073,965,3530,2918,18/11/22 00:00
174004,890,3182,2434,19/11/22 00:00
179963,1054,3082,2180,20/11/22 00:00
167188,988,3622,2208,21/11/22 00:00
184722,755,4514,2384,22/11/22 00:00
177356,815,4452,2783,23/11/22 00:00
164775,867,4316,2402,24/11/22 00:00
159972,943,3844,2529,25/11/22 00:00
160572,966,3742,2315,26/11/22 00:00
167183,779,4283,2139,27/11/22 00:00
183685,816,4781,2336,28/11/22 00:00
183591,907,4936,2450,29/11/22 00:00
178842,734,4732,2546,30/11/22 00:00
182319,830,4672,2425,01/12/22 00:00
182442,681,4036,2214,02/12/22 00:00
168443,647,3215,1808,03/12/22 00:00
155724,889,3461,1838,04/12/22 00:00
175423,1135,4045,2481,05/12/22 00:00
176290,1042,3856,2257,06/12/22 00:00
176280,734,3933,2159,07/12/22 00:00
171215,914,3608,1959,08/12/22 00:00
172260,814,3630,1990,09/12/22 00:00
159052,884,3127,1844,10/12/22 00:00
159978,823,3456,1751,11/12/22 00:00
163505,913,4012,1788,12/12/22 00:00
173472,995,3905,1871,13/12/22 00:00
170247,1052,3613,2253,14/12/22 00:00
180850,957,3597,1984,15/12/22 00:00
190122,710,3727,1978,16/12/22 00:00
150789,682,3005,1733,17/12/22 00:00
155833,641,3075,1476,18/12/22 00:00
165368,638,3229,1737,19/12/22 00:00
171605,741,3635,2018,20/12/22 00:00
171719,796,3233,3007,21/12/22 00:00
164562,820,3008,3306,22/12/22 00:00
152267,792,3118,2479,23/12/22 00:00
133169,521,1928,1784,24/12/22 00:00
119191,565,1712,1337,25/12/22 00:00
137666,859,3594,1655,26/12/22 00:00
150013,1086,3982,2096,27/12/22 00:00
148141,790,3968,2363,28/12/22 00:00
156414,811,4506,2371,29/12/22 00:00
152617,829,4083,1995,30/12/22 00:00
156631,512,2837,1507,31/12/22 00:00
135582,513,2130,1623,01/01/23 00:00
163643,771,3598,1893,02/01/23 00:00
194216,916,4648,2060,03/01/23 00:00
183871,735,4250,1831,04/01/23 00:00
185406,802,3771,2545,05/01/23 00:00
188898,764,3262,2475,06/01/23 00:00
176478,739,3091,2317,07/01/23 00:00
179814,726,3149,2220,08/01/23 00:00
176774,694,3792,2351,09/01/23 00:00
187045,1173,4075,2660,10/01/23 00:00
199154,1189,4409,2824,11/01/23 00:00
195425,1048,4077,3046,12/01/23 00:00
182527,1063,3965,2503,13/01/23 00:00
170789,1022,3758,2302,14/01/23 00:00
174834,1338,3476,2130,15/01/23 00:00
183251,1487,3800,2699,16/01/23 00:00
185831,1600,3471,2845,17/01/23 00:00
186652,1573,3530,3783,18/01/23 00:00
197500,1347,3690,3533,19/01/23 00:00
177239,1107,3720,4027,20/01/23 00:00
165393,1003,3437,3256,21/01/23 00:00
172672,868,3509,3423,22/01/23 00:00
182572,912,3363,3313,23/01/23 00:00
189877,976,3316,5513,24/01/23 00:00
196654,929,3500,6731,25/01/23 00:00
196435,847,4538,5174,26/01/23 00:00
186792,961,4131,4539,27/01/23 00:00
174907,820,3006,3710,28/01/23 00:00
174316,722,2614,3312,29/01/23 00:00
173728,669,3367,4237,30/01/23 00:00
173415,835,3837,4483,31/01/23 00:00
171529,1074,3363,3889,01/02/23 00:00
171051,811,3579,4159,02/02/23 00:00
173988,727,3679,3826,03/02/23 00:00
161779,700,2934,2672,04/02/23 00:00
159728,718,2914,2960,05/02/23 00:00
185405,1114,2757,2976,06/02/23 00:00
184612,820,2724,3144,07/02/23 00:00
201653,918,3118,3495,08/02/23 00:00
188339,931,3167,3963,09/02/23 00:00
178992,822,3072,3979,10/02/23 00:00
167291,695,2536,2847,11/02/23 00:00
185291,659,2245,2673,12/02/23 00:00
246765,756,2592,2979,13/02/23 00:00
245308,813,2900,3304,14/02/23 00:00
251710,802,3133,3084,15/02/23 00:00
232720,1097,3029,3534,16/02/23 00:00
256219,818,3177,3198,17/02/23 00:00
224369,661,2804,4088,18/02/23 00:00
223431,748,2572,4202,19/02/23 00:00
243685,917,2691,5679,20/02/23 00:00
273532,774,2328,5738,21/02/23 00:00
256923,809,2738,4444,22/02/23 00:00
242153,872,3325,4605,23/02/23 00:00
239339,702,2806,6145,24/02/23 00:00
201126,678,2402,5521,25/02/23 00:00
227173,607,3370,5492,26/02/23 00:00
245752,743,3785,5237,27/02/23 00:00
226643,970,4646,5311,28/02/23 00:00
253745,960,4280,4789,01/03/23 00:00
257352,977,4703,4657,02/03/23 00:00
235396,1043,3810,4005,03/03/23 00:00
213050,1036,3713,3482,04/03/23 00:00
211885,928,4152,3244,05/03/23 00:00
213495,1039,4120,3215,06/03/23 00:00
239564,1133,3785,3449,07/03/23 00:00
254557,968,4083,3653,08/03/23 00:00
243860,955,3968,3839,09/03/23 00:00
221315,897,4015,3189,10/03/23 00:00
200716,1098,3038,2585,11/03/23 00:00
194468,1414,3379,2774,12/03/23 00:00
232173,998,3390,2746,13/03/23 00:00
245550,1048,3406,3166,14/03/23 00:00
248925,900,3332,2716,15/03/23 00:00
261526,968,3478,3007,16/03/23 00:00
260631,979,3442,3525,17/03/23 00:00
255273,933,2949,2524,18/03/23 00:00
246876,729,2712,2584,19/03/23 00:00
283240,893,2961,3282,20/03/23 00:00
286734,1156,3710,3639,21/03/23 00:00
276658,1028,3495,3357,22/03/23 00:00
289277,1125,3294,3251,23/03/23 00:00
271694,988,2836,2702,24/03/23 00:00
239094,959,2832,2555,25/03/23 00:00
255603,1478,2373,3071,26/03/23 00:00
286752,1729,2911,3035,27/03/23 00:00
250723,1190,2660,3398,28/03/23 00:00
263893,1264,3249,3283,29/03/23 00:00
272693,1230,3801,2982,30/03/23 00:00
261496,947,3005,2895,31/03/23 00:00
216154,935,2392,2690,01/04/23 00:00
231325,977,2725,2819,02/04/23 00:00
263905,910,2929,2984,03/04/23 00:00
303471,1076,2838,3288,04/04/23 00:00
277972,867,2922,3568,05/04/23 00:00
260718,1364,3036,3605,06/04/23 00:00
226827,1144,3123,3730,07/04/23 00:00
215575,1123,2796,3309,08/04/23 00:00
203909,809,2127,2377,09/04/23 00:00
228719,764,2516,2942,10/04/23 00:00
239016,957,3599,3039,11/04/23 00:00
247597,952,3373,3620,12/04/23 00:00
228451,1042,2832,3521,13/04/23 00:00
226139,1173,2636,3635,14/04/23 00:00
222114,1211,2273,2864,15/04/23 00:00
227974,1332,2200,2733,16/04/23 00:00
256707,1242,2819,3627,17/04/23 00:00
254582,1280,2737,2979,18/04/23 00:00
232324,1523,2908,2692,19/04/23 00:00
221638,1530,2880,2889,20/04/23 00:00
219500,1788,2816,3609,21/04/23 00:00
200846,1405,3040,2680,22/04/23 00:00
220341,1671,2716,2917,23/04/23 00:00
246299,2198,2875,3016,24/04/23 00:00
258685,1658,2864,2945,25/04/23 00:00
271920,1849,3204,3242,26/04/23 00:00
243956,1352,2930,2813,27/04/23 00:00
241625,1524,3099,2742,28/04/23 00:00
202676,1233,2532,2703,29/04/23 00:00
200914,1232,2765,2322,30/04/23 00:00
223388,1285,2943,2944,01/05/23 00:00
209525,1350,3307,2982,02/05/23 00:00
227720,1184,3674,4788,03/05/23 00:00
225454,1591,3253,3888,04/05/23 00:00
251162,1499,4203,3123,05/05/23 00:00
220299,1107,4292,2622,06/05/23 00:00
214179,1260,3549,2402,07/05/23 00:00
231637,1133,3067,2694,08/05/23 00:00
259659,1313,2735,3175,09/05/23 00:00
255955,1402,2696,2454,10/05/23 00:00
255245,1422,2767,3427,11/05/23 00:00
243032,1434,2742,2731,12/05/23 00:00
222558,1328,2190,3745,13/05/23 00:00
204599,1203,2275,3503,14/05/23 00:00
225856,1634,2789,3881,15/05/23 00:00
245872,1306,2761,3917,16/05/23 00:00
217299,1634,2450,4071,17/05/23 00:00
207154,1683,2073,3165,18/05/23 00:00
209012,1634,2202,3788,19/05/23 00:00
213631,1887,2006,3835,20/05/23 00:00
223426,1721,2218,3763,21/05/23 00:00
244242,1959,2662,3584,22/05/23 00:00
239378,2059,3482,3322,23/05/23 00:00
244913,2194,3157,3824,24/05/23 00:00
232115,1831,3065,6083,25/05/23 00:00
234536,1503,3036,4801,26/05/23 00:00
208163,1298,2797,3399,27/05/23 00:00
212707,1429,2620,2655,28/05/23 00:00
242956,1750,2801,2745,29/05/23 00:00
248032,1497,2920,3343,30/05/23 00:00
216980,1404,3011,3600,31/05/23 00:00
231004,1361,3048,3418,01/06/23 00:00
234112,1378,3113,2615,02/06/23 00:00
182752,1126,2476,2362,03/06/23 00:00
190273,1508,2518,2540,04/06/23 00:00
211776,1818,3251,3005,05/06/23 00:00
225371,1428,3414,5346,06/06/23 00:00
228713,1530,3721,4446,07/06/23 00:00
248624,1734,3373,4442,08/06/23 00:00
248928,1633,3545,3921,09/06/23 00:00
208761,1260,3171,3136,10/06/23 00:00
213466,1366,3102,2902,11/06/23 00:00
217695,1285,3101,3021,12/06/23 00:00
