"","type","month","detected_language","n","percentage"
"1","amazon",2017-03-01,"it",1,50
"2","amazon",2018-01-01,"",1,33.3333333333333
"3","amazon",2018-10-01,"",1,4.76190476190476
"4","amazon",2018-10-01,"de",14,66.6666666666667
"5","amazon",2018-10-01,"en",2,9.52380952380952
"6","amazon",2018-11-01,"",2,18.1818181818182
"7","amazon",2018-11-01,"de",6,54.5454545454545
"8","amazon",2018-11-01,"sv",1,9.09090909090909
"9","amazon",2018-12-01,"",2,11.7647058823529
"10","amazon",2018-12-01,"de",11,64.7058823529412
"11","amazon",2018-12-01,"en",2,11.7647058823529
"12","amazon",2018-12-01,"it",2,11.7647058823529
"13","amazon",2019-01-01,"",1,3.57142857142857
"14","amazon",2019-01-01,"de",17,60.7142857142857
"15","amazon",2019-01-01,"en",3,10.7142857142857
"16","amazon",2019-01-01,"tr",1,3.57142857142857
"17","amazon",2019-02-01,"de",17,48.5714285714286
"18","amazon",2019-02-01,"en",1,2.85714285714286
"19","amazon",2019-02-01,"it",1,2.85714285714286
"20","amazon",2019-03-01,"",4,9.52380952380952
"21","amazon",2019-03-01,"de",21,50
"22","amazon",2019-04-01,"",2,3.7037037037037
"23","amazon",2019-04-01,"de",20,37.037037037037
"24","amazon",2019-05-01,"",2,3.44827586206897
"25","amazon",2019-05-01,"de",20,34.4827586206897
"26","amazon",2019-05-01,"it",4,6.89655172413793
"27","amazon",2019-06-01,"de",12,20
"28","amazon",2019-06-01,"it",9,15
"29","amazon",2019-07-01,"de",4,8.16326530612245
"30","amazon",2019-07-01,"it",1,2.04081632653061
"31","amazon",2019-08-01,"de",9,16.9811320754717
"32","amazon",2019-08-01,"en",1,1.88679245283019
"33","amazon",2019-08-01,"it",1,1.88679245283019
"34","amazon",2019-09-01,"de",14,20.8955223880597
"35","amazon",2019-09-01,"en",1,1.49253731343284
"36","amazon",2019-09-01,"it",1,1.49253731343284
"37","amazon",2019-10-01,"de",13,33.3333333333333
"38","amazon",2019-10-01,"en",3,7.69230769230769
"39","amazon",2019-10-01,"it",1,2.56410256410256
"40","amazon",2019-11-01,"de",10,8.92857142857143
"41","amazon",2019-11-01,"en",12,10.7142857142857
"42","amazon",2019-12-01,"de",8,9.75609756097561
"43","amazon",2019-12-01,"en",5,6.09756097560976
"44","amazon",2020-01-01,"de",114,59.6858638743455
"45","amazon",2020-01-01,"en",10,5.23560209424084
"46","amazon",2020-01-01,"it",1,0.523560209424084
"47","amazon",2020-01-01,"vi",1,0.523560209424084
"48","amazon",2020-02-01,"",5,1.93050193050193
"49","amazon",2020-02-01,"de",177,68.3397683397683
"50","amazon",2020-02-01,"en",5,1.93050193050193
"51","amazon",2020-03-01,"",1,0.490196078431373
"52","amazon",2020-03-01,"de",114,55.8823529411765
"53","amazon",2020-03-01,"en",1,0.490196078431373
"54","amazon",2020-03-01,"it",4,1.96078431372549
"55","amazon",2020-04-01,"",4,2.72108843537415
"56","amazon",2020-04-01,"de",49,33.3333333333333
"57","amazon",2020-04-01,"en",10,6.80272108843537
"58","amazon",2020-04-01,"it",1,0.680272108843537
"59","amazon",2020-05-01,"",2,0.970873786407767
"60","amazon",2020-05-01,"cy",1,0.485436893203883
"61","amazon",2020-05-01,"de",80,38.8349514563107
"62","amazon",2020-05-01,"en",6,2.9126213592233
"63","amazon",2020-05-01,"nl",1,0.485436893203883
"64","amazon",2020-06-01,"",7,1.23893805309735
"65","amazon",2020-06-01,"de",66,11.6814159292035
"66","amazon",2020-06-01,"en",4,0.707964601769911
"67","amazon",2020-06-01,"id",1,0.176991150442478
"68","amazon",2020-06-01,"it",1,0.176991150442478
"69","amazon",2020-06-01,"tr",2,0.353982300884956
"70","amazon",2020-07-01,"",10,1.02459016393443
"71","amazon",2020-07-01,"de",76,7.78688524590164
"72","amazon",2020-07-01,"en",13,1.33196721311475
"73","amazon",2020-07-01,"fr",2,0.204918032786885
"74","amazon",2020-07-01,"it",2,0.204918032786885
"75","amazon",2020-07-01,"ro",1,0.102459016393443
"76","amazon",2020-08-01,"",9,1.15089514066496
"77","amazon",2020-08-01,"da",1,0.127877237851662
"78","amazon",2020-08-01,"de",54,6.90537084398977
"79","amazon",2020-08-01,"en",10,1.27877237851662
"80","amazon",2020-08-01,"it",3,0.383631713554987
"81","amazon",2020-08-01,"pt",3,0.383631713554987
"82","amazon",2020-08-01,"ru",1,0.127877237851662
"83","amazon",2020-09-01,"",10,1.02145045965271
"84","amazon",2020-09-01,"da",3,0.306435137895812
"85","amazon",2020-09-01,"de",26,2.65577119509704
"86","amazon",2020-09-01,"en",20,2.04290091930541
"87","amazon",2020-09-01,"es",1,0.102145045965271
"88","amazon",2020-09-01,"it",10,1.02145045965271
"89","amazon",2020-10-01,"",12,0.68689181453921
"90","amazon",2020-10-01,"de",62,3.54894104178592
"91","amazon",2020-10-01,"en",12,0.68689181453921
"92","amazon",2020-10-01,"es",2,0.114481969089868
"93","amazon",2020-10-01,"fr",3,0.171722953634803
"94","amazon",2020-10-01,"it",3,0.171722953634803
"95","amazon",2020-10-01,"tl",1,0.0572409845449342
"96","amazon",2020-11-01,"",7,0.322135296824666
"97","amazon",2020-11-01,"ca",1,0.0460193281178095
"98","amazon",2020-11-01,"de",60,2.76115968706857
"99","amazon",2020-11-01,"en",12,0.552231937413714
"100","amazon",2020-11-01,"fr",1,0.0460193281178095
"101","amazon",2020-11-01,"it",4,0.184077312471238
"102","amazon",2020-11-01,"nl",2,0.092038656235619
"103","amazon",2020-11-01,"pt",5,0.230096640589047
"104","amazon",2020-12-01,"",2,0.101061141990905
"105","amazon",2020-12-01,"de",95,4.80040424456796
"106","amazon",2020-12-01,"en",22,1.11167256189995
"107","amazon",2020-12-01,"es",1,0.0505305709954523
"108","amazon",2020-12-01,"fr",1,0.0505305709954523
"109","amazon",2020-12-01,"it",1,0.0505305709954523
"110","amazon",2020-12-01,"pt",12,0.606366851945427
"111","amazon",2020-12-01,"ru",2,0.101061141990905
"112","amazon",2021-01-01,"",7,0.252707581227437
"113","amazon",2021-01-01,"de",97,3.50180505415162
"114","amazon",2021-01-01,"en",43,1.55234657039711
"115","amazon",2021-01-01,"es",10,0.36101083032491
"116","amazon",2021-01-01,"fr",2,0.072202166064982
"117","amazon",2021-01-01,"it",9,0.324909747292419
"118","amazon",2021-01-01,"nl",2,0.072202166064982
"119","amazon",2021-01-01,"pt",1,0.036101083032491
"120","amazon",2021-01-01,"sl",2,0.072202166064982
"121","amazon",2021-02-01,"",8,0.289645184648805
"122","amazon",2021-02-01,"de",75,2.71542360608255
"123","amazon",2021-02-01,"en",39,1.41202027516293
"124","amazon",2021-02-01,"es",8,0.289645184648805
"125","amazon",2021-02-01,"fr",2,0.0724112961622013
"126","amazon",2021-02-01,"it",7,0.253439536567705
"127","amazon",2021-02-01,"nl",1,0.0362056480811006
"128","amazon",2021-02-01,"pl",2,0.0724112961622013
"129","amazon",2021-02-01,"pt",2,0.0724112961622013
"130","amazon",2021-03-01,"",11,0.31312268716197
"131","amazon",2021-03-01,"da",1,0.0284656988329063
"132","amazon",2021-03-01,"de",81,2.30572160546541
"133","amazon",2021-03-01,"en",62,1.76487332764019
"134","amazon",2021-03-01,"es",11,0.31312268716197
"135","amazon",2021-03-01,"fr",5,0.142328494164532
"136","amazon",2021-03-01,"it",7,0.199259891830344
"137","amazon",2021-03-01,"pt",1,0.0284656988329063
"138","amazon",2021-04-01,"",6,0.147094876195146
"139","amazon",2021-04-01,"de",157,3.84898259377298
"140","amazon",2021-04-01,"en",34,0.833537631772493
"141","amazon",2021-04-01,"es",2,0.049031625398382
"142","amazon",2021-04-01,"fr",6,0.147094876195146
"143","amazon",2021-04-01,"it",7,0.171610688894337
"144","amazon",2021-04-01,"so",1,0.024515812699191
"145","amazon",2021-04-01,"uk",1,0.024515812699191
"146","amazon",2021-05-01,"",11,0.183211192538308
"147","amazon",2021-05-01,"de",440,7.32844770153231
"148","amazon",2021-05-01,"en",101,1.68221185876083
"149","amazon",2021-05-01,"fr",2,0.033311125916056
"150","amazon",2021-05-01,"hu",2,0.033311125916056
"151","amazon",2021-05-01,"it",4,0.0666222518321119
"152","amazon",2021-05-01,"nl",1,0.016655562958028
"153","amazon",2021-05-01,"tl",1,0.016655562958028
"154","amazon",2021-06-01,"",27,0.557275541795666
"155","amazon",2021-06-01,"cy",1,0.020639834881321
"156","amazon",2021-06-01,"de",233,4.80908152734778
"157","amazon",2021-06-01,"en",103,2.12590299277606
"158","amazon",2021-06-01,"es",3,0.0619195046439629
"159","amazon",2021-06-01,"fr",15,0.309597523219814
"160","amazon",2021-06-01,"it",21,0.43343653250774
"161","amazon",2021-06-01,"nl",3,0.0619195046439629
"162","amazon",2021-06-01,"no",1,0.020639834881321
"163","amazon",2021-07-01,"",11,0.231043898340685
"164","amazon",2021-07-01,"de",193,4.0537702163411
"165","amazon",2021-07-01,"en",76,1.59630329762655
"166","amazon",2021-07-01,"fr",7,0.147027935307708
"167","amazon",2021-07-01,"it",19,0.399075824406637
"168","amazon",2021-07-01,"ru",1,0.0210039907582441
"169","amazon",2021-07-01,"vi",2,0.0420079815164881
"170","amazon",2021-08-01,"",8,0.165837479270315
"171","amazon",2021-08-01,"ca",1,0.0207296849087894
"172","amazon",2021-08-01,"de",127,2.63266998341625
"173","amazon",2021-08-01,"en",98,2.03150912106136
"174","amazon",2021-08-01,"es",3,0.0621890547263682
"175","amazon",2021-08-01,"fr",35,0.725538971807628
"176","amazon",2021-08-01,"it",15,0.310945273631841
"177","amazon",2021-08-01,"nl",2,0.0414593698175788
"178","amazon",2021-08-01,"no",2,0.0414593698175788
"179","amazon",2021-08-01,"pt",8,0.165837479270315
"180","amazon",2021-08-01,"tr",1,0.0207296849087894
"181","amazon",2021-09-01,"",19,0.459492140266022
"182","amazon",2021-09-01,"de",289,6.98911729141475
"183","amazon",2021-09-01,"en",83,2.00725513905683
"184","amazon",2021-09-01,"es",2,0.0483675937122128
"185","amazon",2021-09-01,"et",1,0.0241837968561064
"186","amazon",2021-09-01,"fr",12,0.290205562273277
"187","amazon",2021-09-01,"it",13,0.314389359129383
"188","amazon",2021-09-01,"nl",1,0.0241837968561064
"189","amazon",2021-09-01,"no",1,0.0241837968561064
"190","amazon",2021-09-01,"ru",2,0.0483675937122128
"191","amazon",2021-09-01,"sk",1,0.0241837968561064
"192","amazon",2021-09-01,"tl",1,0.0241837968561064
"193","amazon",2021-10-01,"",18,0.433004570603801
"194","amazon",2021-10-01,"af",1,0.0240558094779889
"195","amazon",2021-10-01,"da",2,0.0481116189559779
"196","amazon",2021-10-01,"de",265,6.37478951166707
"197","amazon",2021-10-01,"en",148,3.56025980274236
"198","amazon",2021-10-01,"es",2,0.0481116189559779
"199","amazon",2021-10-01,"fr",19,0.45706038008179
"200","amazon",2021-10-01,"hu",1,0.0240558094779889
"201","amazon",2021-10-01,"it",21,0.505171999037768
"202","amazon",2021-10-01,"nl",8,0.192446475823911
"203","amazon",2021-10-01,"no",1,0.0240558094779889
"204","amazon",2021-10-01,"sk",1,0.0240558094779889
"205","amazon",2021-10-01,"sl",1,0.0240558094779889
"206","amazon",2021-10-01,"sv",1,0.0240558094779889
"207","amazon",2021-10-01,"vi",3,0.0721674284339668
"208","amazon",2021-11-01,"",17,0.400565504241282
"209","amazon",2021-11-01,"af",1,0.0235626767200754
"210","amazon",2021-11-01,"de",253,5.96135721017908
"211","amazon",2021-11-01,"en",177,4.17059377945335
"212","amazon",2021-11-01,"es",1,0.0235626767200754
"213","amazon",2021-11-01,"fr",11,0.259189443920829
"214","amazon",2021-11-01,"it",18,0.424128180961357
"215","amazon",2021-11-01,"nl",4,0.0942507068803016
"216","amazon",2021-11-01,"pt",1,0.0235626767200754
"217","amazon",2021-11-01,"vi",1,0.0235626767200754
"218","amazon",2021-12-01,"",27,0.385879662712591
"219","amazon",2021-12-01,"af",1,0.0142918393597256
"220","amazon",2021-12-01,"ca",3,0.0428755180791768
"221","amazon",2021-12-01,"cy",1,0.0142918393597256
"222","amazon",2021-12-01,"de",265,3.78733743032728
"223","amazon",2021-12-01,"en",164,2.343861654995
"224","amazon",2021-12-01,"es",2,0.0285836787194512
"225","amazon",2021-12-01,"fr",15,0.214377590395884
"226","amazon",2021-12-01,"it",28,0.400171502072317
"227","amazon",2021-12-01,"nl",9,0.12862655423753
"228","amazon",2021-12-01,"no",3,0.0428755180791768
"229","amazon",2021-12-01,"ro",3,0.0428755180791768
"230","amazon",2021-12-01,"ru",1,0.0142918393597256
"231","amazon",2021-12-01,"sk",1,0.0142918393597256
"232","amazon",2021-12-01,"tl",2,0.0285836787194512
"233","amazon",2021-12-01,"vi",1,0.0142918393597256
"234","amazon",2022-01-01,"",42,0.428483982860641
"235","amazon",2022-01-01,"ca",1,0.01020199959192
"236","amazon",2022-01-01,"cy",1,0.01020199959192
"237","amazon",2022-01-01,"de",195,1.9893899204244
"238","amazon",2022-01-01,"en",186,1.89757192409712
"239","amazon",2022-01-01,"es",6,0.0612119975515201
"240","amazon",2022-01-01,"fr",13,0.13262599469496
"241","amazon",2022-01-01,"it",9,0.0918179963272801
"242","amazon",2022-01-01,"mk",1,0.01020199959192
"243","amazon",2022-01-01,"nl",4,0.0408079983676801
"244","amazon",2022-01-01,"no",2,0.02040399918384
"245","amazon",2022-01-01,"ru",2,0.02040399918384
"246","amazon",2022-01-01,"sl",1,0.01020199959192
"247","amazon",2022-01-01,"sv",1,0.01020199959192
"248","amazon",2022-02-01,"",16,0.253365003958828
"249","amazon",2022-02-01,"ca",1,0.0158353127474268
"250","amazon",2022-02-01,"de",400,6.3341250989707
"251","amazon",2022-02-01,"en",122,1.93190815518606
"252","amazon",2022-02-01,"es",3,0.0475059382422803
"253","amazon",2022-02-01,"fr",9,0.142517814726841
"254","amazon",2022-02-01,"it",9,0.142517814726841
"255","amazon",2022-02-01,"nl",1,0.0158353127474268
"256","amazon",2022-02-01,"no",2,0.0316706254948535
"257","amazon",2022-02-01,"tl",1,0.0158353127474268
"258","amazon",2022-03-01,"",20,0.350140056022409
"259","amazon",2022-03-01,"ca",2,0.0350140056022409
"260","amazon",2022-03-01,"de",207,3.62394957983193
"261","amazon",2022-03-01,"en",169,2.95868347338936
"262","amazon",2022-03-01,"es",4,0.0700280112044818
"263","amazon",2022-03-01,"fr",16,0.280112044817927
"264","amazon",2022-03-01,"it",12,0.210084033613445
"265","amazon",2022-03-01,"nl",8,0.140056022408964
"266","amazon",2022-03-01,"ru",1,0.0175070028011204
"267","amazon",2022-03-01,"tl",1,0.0175070028011204
"268","amazon",2022-04-01,"",7,0.158478605388273
"269","amazon",2022-04-01,"ca",1,0.0226398007697532
"270","amazon",2022-04-01,"de",260,5.88634820013584
"271","amazon",2022-04-01,"en",100,2.26398007697532
"272","amazon",2022-04-01,"es",2,0.0452796015395064
"273","amazon",2022-04-01,"fr",19,0.430156214625311
"274","amazon",2022-04-01,"it",5,0.113199003848766
"275","amazon",2022-04-01,"nl",1,0.0226398007697532
"276","amazon",2022-04-01,"no",1,0.0226398007697532
"277","amazon",2022-04-01,"ro",3,0.0679194023092597
"278","amazon",2022-04-01,"sl",1,0.0226398007697532
"279","amazon",2022-05-01,"",8,0.211752249867655
"280","amazon",2022-05-01,"af",1,0.0264690312334569
"281","amazon",2022-05-01,"ca",7,0.185283218634198
"282","amazon",2022-05-01,"cs",2,0.0529380624669137
"283","amazon",2022-05-01,"cy",1,0.0264690312334569
"284","amazon",2022-05-01,"de",315,8.33774483853891
"285","amazon",2022-05-01,"en",145,3.83800952885124
"286","amazon",2022-05-01,"es",4,0.105876124933827
"287","amazon",2022-05-01,"fr",36,0.952885124404447
"288","amazon",2022-05-01,"it",5,0.132345156167284
"289","amazon",2022-05-01,"nl",5,0.132345156167284
"290","amazon",2022-05-01,"no",1,0.0264690312334569
"291","amazon",2022-05-01,"ro",1,0.0264690312334569
"292","amazon",2022-05-01,"ru",1,0.0264690312334569
"293","amazon",2022-05-01,"sk",2,0.0529380624669137
"294","amazon",2022-05-01,"tr",1,0.0264690312334569
"295","amazon",2022-06-01,"",23,0.537634408602151
"296","amazon",2022-06-01,"ca",1,0.0233754090696587
"297","amazon",2022-06-01,"de",146,3.41280972417017
"298","amazon",2022-06-01,"en",72,1.68302945301543
"299","amazon",2022-06-01,"es",1,0.0233754090696587
"300","amazon",2022-06-01,"fr",16,0.37400654511454
"301","amazon",2022-06-01,"it",13,0.303880317905563
"302","amazon",2022-06-01,"nl",3,0.0701262272089762
"303","amazon",2022-07-01,"",20,0.511116790186558
"304","amazon",2022-07-01,"ca",1,0.0255558395093279
"305","amazon",2022-07-01,"cy",1,0.0255558395093279
"306","amazon",2022-07-01,"de",230,5.87784308714541
"307","amazon",2022-07-01,"en",86,2.1978021978022
"308","amazon",2022-07-01,"es",7,0.178890876565295
"309","amazon",2022-07-01,"fr",15,0.383337592639918
"310","amazon",2022-07-01,"it",14,0.35778175313059
"311","amazon",2022-07-01,"nl",3,0.0766675185279836
"312","amazon",2022-08-01,"",21,0.515084621044886
"313","amazon",2022-08-01,"ca",1,0.0245278390973755
"314","amazon",2022-08-01,"cy",1,0.0245278390973755
"315","amazon",2022-08-01,"de",201,4.93009565857248
"316","amazon",2022-08-01,"en",106,2.59995094432181
"317","amazon",2022-08-01,"es",2,0.049055678194751
"318","amazon",2022-08-01,"fr",25,0.613195977434388
"319","amazon",2022-08-01,"hr",1,0.0245278390973755
"320","amazon",2022-08-01,"it",12,0.294334069168506
"321","amazon",2022-08-01,"nl",7,0.171694873681629
"322","amazon",2022-08-01,"ru",1,0.0245278390973755
"323","amazon",2022-09-01,"",13,0.290308173291648
"324","amazon",2022-09-01,"ca",2,0.0446627958910228
"325","amazon",2022-09-01,"cs",2,0.0446627958910228
"326","amazon",2022-09-01,"da",1,0.0223313979455114
"327","amazon",2022-09-01,"de",300,6.69941938365342
"328","amazon",2022-09-01,"en",109,2.43412237606074
"329","amazon",2022-09-01,"es",1,0.0223313979455114
"330","amazon",2022-09-01,"fr",30,0.669941938365342
"331","amazon",2022-09-01,"hu",2,0.0446627958910228
"332","amazon",2022-09-01,"it",9,0.200982581509603
"333","amazon",2022-09-01,"nl",9,0.200982581509603
"334","amazon",2022-09-01,"no",1,0.0223313979455114
"335","amazon",2022-09-01,"ru",1,0.0223313979455114
"336","amazon",2022-10-01,"",14,0.367647058823529
"337","amazon",2022-10-01,"ca",1,0.0262605042016807
"338","amazon",2022-10-01,"da",1,0.0262605042016807
"339","amazon",2022-10-01,"de",242,6.35504201680672
"340","amazon",2022-10-01,"en",101,2.65231092436975
"341","amazon",2022-10-01,"es",1,0.0262605042016807
"342","amazon",2022-10-01,"fr",19,0.498949579831933
"343","amazon",2022-10-01,"hr",2,0.0525210084033613
"344","amazon",2022-10-01,"it",11,0.288865546218487
"345","amazon",2022-10-01,"nl",3,0.078781512605042
"346","amazon",2022-11-01,"",15,0.365853658536585
"347","amazon",2022-11-01,"de",156,3.80487804878049
"348","amazon",2022-11-01,"en",66,1.60975609756098
"349","amazon",2022-11-01,"es",1,0.024390243902439
"350","amazon",2022-11-01,"fr",25,0.609756097560976
"351","amazon",2022-11-01,"it",14,0.341463414634146
"352","amazon",2022-11-01,"nl",7,0.170731707317073
"353","amazon",2022-11-01,"tr",1,0.024390243902439
"354","amazon",2022-12-01,"",17,0.525177633611368
"355","amazon",2022-12-01,"ca",1,0.0308928019771393
"356","amazon",2022-12-01,"de",179,5.52981155390794
"357","amazon",2022-12-01,"en",68,2.10071053444547
"358","amazon",2022-12-01,"es",4,0.123571207908557
"359","amazon",2022-12-01,"fr",40,1.23571207908557
"360","amazon",2022-12-01,"it",20,0.617856039542787
"361","amazon",2022-12-01,"nl",1,0.0308928019771393
"362","amazon",2022-12-01,"sk",1,0.0308928019771393
"363","amazon",2023-01-01,"",25,0.698324022346369
"364","amazon",2023-01-01,"de",164,4.58100558659218
"365","amazon",2023-01-01,"en",76,2.12290502793296
"366","amazon",2023-01-01,"es",3,0.0837988826815642
"367","amazon",2023-01-01,"fr",25,0.698324022346369
"368","amazon",2023-01-01,"it",14,0.391061452513967
"369","amazon",2023-01-01,"nl",9,0.251396648044693
"370","amazon",2023-01-01,"pt",1,0.0279329608938547
"371","amazon",2023-01-01,"tr",1,0.0279329608938547
"372","amazon",2023-02-01,"",14,0.491745697225149
"373","amazon",2023-02-01,"ca",1,0.0351246926589392
"374","amazon",2023-02-01,"de",128,4.49596066034422
"375","amazon",2023-02-01,"en",111,3.89884088514226
"376","amazon",2023-02-01,"es",4,0.140498770635757
"377","amazon",2023-02-01,"fr",22,0.772743238496663
"378","amazon",2023-02-01,"it",12,0.421496311907271
"379","amazon",2023-02-01,"nl",1,0.0351246926589392
"380","amazon",2023-03-01,"",18,0.441934691873312
"381","amazon",2023-03-01,"de",145,3.56002946231279
"382","amazon",2023-03-01,"en",142,3.48637368033391
"383","amazon",2023-03-01,"fr",20,0.491038546525902
"384","amazon",2023-03-01,"hr",1,0.0245519273262951
"385","amazon",2023-03-01,"it",11,0.270071200589246
"386","amazon",2023-03-01,"nl",5,0.122759636631476
"387","amazon",2023-03-01,"pt",1,0.0245519273262951
"388","amazon",2023-04-01,"",14,0.4099560761347
"389","amazon",2023-04-01,"ca",4,0.117130307467057
"390","amazon",2023-04-01,"de",108,3.16251830161054
"391","amazon",2023-04-01,"en",78,2.28404099560761
"392","amazon",2023-04-01,"es",2,0.0585651537335286
"393","amazon",2023-04-01,"fr",34,0.995607613469985
"394","amazon",2023-04-01,"it",12,0.351390922401171
"395","amazon",2023-04-01,"nl",7,0.20497803806735
"396","amazon",2023-04-01,"pt",3,0.0878477306002928
"397","amazon",2023-04-01,"sv",1,0.0292825768667643
"398","amazon",2023-04-01,"tr",1,0.0292825768667643
"399","amazon",2023-05-01,"",15,0.436173306193661
"400","amazon",2023-05-01,"ca",2,0.0581564408258215
"401","amazon",2023-05-01,"cs",1,0.0290782204129107
"402","amazon",2023-05-01,"de",125,3.63477755161384
"403","amazon",2023-05-01,"en",79,2.29717941261995
"404","amazon",2023-05-01,"es",1,0.0290782204129107
"405","amazon",2023-05-01,"fr",32,0.930503053213143
"406","amazon",2023-05-01,"it",22,0.639720849084036
"407","amazon",2023-05-01,"nl",2,0.0581564408258215
"408","amazon",2023-05-01,"ru",1,0.0290782204129107
"409","amazon",2023-06-01,"",1,0.068259385665529
"410","amazon",2023-06-01,"de",37,2.52559726962457
"411","amazon",2023-06-01,"en",16,1.09215017064846
"412","amazon",2023-06-01,"es",1,0.068259385665529
"413","amazon",2023-06-01,"fr",6,0.409556313993174
"414","amazon",2023-06-01,"it",3,0.204778156996587
"415","amazon",2023-06-01,"nl",1,0.068259385665529
"416","cashapps",2020-08-01,"de",1,0.127877237851662
"417","cashapps",2020-11-01,"en",1,0.0460193281178095
"418","cashapps",2021-01-01,"",5,0.180505415162455
"419","cashapps",2021-02-01,"en",8,0.289645184648805
"420","cashapps",2021-03-01,"en",1,0.0284656988329063
"421","cashapps",2021-04-01,"en",1,0.024515812699191
"422","cashapps",2021-05-01,"en",58,0.966022651565623
"423","cashapps",2021-06-01,"en",24,0.495356037151703
"424","cashapps",2021-07-01,"en",9,0.189035916824197
"425","cashapps",2021-08-01,"en",14,0.290215588723051
"426","cashapps",2021-09-01,"de",2,0.0483675937122128
"427","cashapps",2021-09-01,"en",19,0.459492140266022
"428","cashapps",2021-10-01,"de",2,0.0481116189559779
"429","cashapps",2021-10-01,"en",17,0.408948761125812
"430","cashapps",2021-11-01,"en",29,0.683317624882187
"431","cashapps",2021-12-01,"en",19,0.271544947834786
"432","cashapps",2022-01-01,"en",22,0.22444399102224
"433","cashapps",2022-02-01,"en",24,0.380047505938242
"434","cashapps",2022-03-01,"en",11,0.192577030812325
"435","cashapps",2022-04-01,"en",15,0.339597011546298
"436","cashapps",2022-05-01,"de",1,0.0264690312334569
"437","cashapps",2022-05-01,"en",9,0.238221281101112
"438","cashapps",2022-06-01,"en",13,0.303880317905563
"439","cashapps",2022-07-01,"de",1,0.0255558395093279
"440","cashapps",2022-07-01,"en",24,0.613340148223869
"441","cashapps",2022-07-01,"es",1,0.0255558395093279
"442","cashapps",2022-07-01,"fr",11,0.281114234602607
"443","cashapps",2022-07-01,"it",1,0.0255558395093279
"444","cashapps",2022-08-01,"en",14,0.343389747363257
"445","cashapps",2022-08-01,"fr",18,0.441501103752759
"446","cashapps",2022-08-01,"it",2,0.049055678194751
"447","cashapps",2022-09-01,"en",10,0.223313979455114
"448","cashapps",2022-09-01,"fr",38,0.848593121929433
"449","cashapps",2022-09-01,"it",3,0.0669941938365342
"450","cashapps",2022-10-01,"de",1,0.0262605042016807
"451","cashapps",2022-10-01,"en",24,0.630252100840336
"452","cashapps",2022-10-01,"fr",11,0.288865546218487
"453","cashapps",2022-10-01,"it",1,0.0262605042016807
"454","cashapps",2022-11-01,"en",29,0.707317073170732
"455","cashapps",2022-11-01,"fr",14,0.341463414634146
"456","cashapps",2022-12-01,"ca",1,0.0308928019771393
"457","cashapps",2022-12-01,"en",41,1.26660488106271
"458","cashapps",2022-12-01,"fr",18,0.556070435588508
"459","cashapps",2022-12-01,"nl",1,0.0308928019771393
"460","cashapps",2023-01-01,"en",28,0.782122905027933
"461","cashapps",2023-01-01,"fr",16,0.446927374301676
"462","cashapps",2023-02-01,"de",2,0.0702493853178785
"463","cashapps",2023-02-01,"en",27,0.948366701791359
"464","cashapps",2023-02-01,"fr",19,0.667369160519845
"465","cashapps",2023-03-01,"",3,0.0736557819788853
"466","cashapps",2023-03-01,"de",4,0.0982077093051805
"467","cashapps",2023-03-01,"en",33,0.810213601767739
"468","cashapps",2023-03-01,"fr",12,0.294623127915541
"469","cashapps",2023-03-01,"it",2,0.0491038546525902
"470","cashapps",2023-04-01,"de",6,0.175695461200586
"471","cashapps",2023-04-01,"en",39,1.14202049780381
"472","cashapps",2023-04-01,"fr",10,0.292825768667643
"473","cashapps",2023-05-01,"de",2,0.0581564408258215
"474","cashapps",2023-05-01,"en",22,0.639720849084036
"475","cashapps",2023-05-01,"fr",38,1.10497237569061
"476","cashapps",2023-06-01,"en",10,0.68259385665529
"477","cashapps",2023-06-01,"fr",16,1.09215017064846
"478","crowibanunding",2018-06-01,"de",1,50
"479","crowibanunding",2018-10-01,"es",1,4.76190476190476
"480","crowibanunding",2019-03-01,"de",1,2.38095238095238
"481","crowibanunding",2019-03-01,"es",1,2.38095238095238
"482","crowibanunding",2019-05-01,"de",2,3.44827586206897
"483","crowibanunding",2019-06-01,"de",2,3.33333333333333
"484","crowibanunding",2019-07-01,"de",7,14.2857142857143
"485","crowibanunding",2019-07-01,"en",1,2.04081632653061
"486","crowibanunding",2019-08-01,"de",20,37.7358490566038
"487","crowibanunding",2019-09-01,"de",1,1.49253731343284
"488","crowibanunding",2019-09-01,"it",1,1.49253731343284
"489","crowibanunding",2019-10-01,"",1,2.56410256410256
"490","crowibanunding",2019-10-01,"de",1,2.56410256410256
"491","crowibanunding",2019-11-01,"",1,0.892857142857143
"492","crowibanunding",2019-11-01,"de",3,2.67857142857143
"493","crowibanunding",2019-12-01,"",3,3.65853658536585
"494","crowibanunding",2019-12-01,"de",10,12.1951219512195
"495","crowibanunding",2019-12-01,"en",2,2.4390243902439
"496","crowibanunding",2020-01-01,"de",5,2.61780104712042
"497","crowibanunding",2020-01-01,"en",6,3.1413612565445
"498","crowibanunding",2020-01-01,"uk",1,0.523560209424084
"499","crowibanunding",2020-02-01,"",1,0.386100386100386
"500","crowibanunding",2020-02-01,"de",14,5.4054054054054
"501","crowibanunding",2020-03-01,"",4,1.96078431372549
"502","crowibanunding",2020-03-01,"de",16,7.84313725490196
"503","crowibanunding",2020-03-01,"en",3,1.47058823529412
"504","crowibanunding",2020-04-01,"",2,1.36054421768707
"505","crowibanunding",2020-04-01,"de",20,13.6054421768707
"506","crowibanunding",2020-04-01,"en",1,0.680272108843537
"507","crowibanunding",2020-04-01,"fr",1,0.680272108843537
"508","crowibanunding",2020-04-01,"it",1,0.680272108843537
"509","crowibanunding",2020-04-01,"ru",1,0.680272108843537
"510","crowibanunding",2020-04-01,"uk",1,0.680272108843537
"511","crowibanunding",2020-05-01,"",1,0.485436893203883
"512","crowibanunding",2020-05-01,"de",14,6.79611650485437
"513","crowibanunding",2020-05-01,"en",2,0.970873786407767
"514","crowibanunding",2020-05-01,"ru",2,0.970873786407767
"515","crowibanunding",2020-05-01,"uk",3,1.45631067961165
"516","crowibanunding",2020-06-01,"de",17,3.00884955752212
"517","crowibanunding",2020-06-01,"en",1,0.176991150442478
"518","crowibanunding",2020-06-01,"ru",1,0.176991150442478
"519","crowibanunding",2020-07-01,"de",18,1.84426229508197
"520","crowibanunding",2020-08-01,"de",17,2.17391304347826
"521","crowibanunding",2020-08-01,"en",2,0.255754475703325
"522","crowibanunding",2020-09-01,"de",11,1.12359550561798
"523","crowibanunding",2020-09-01,"en",1,0.102145045965271
"524","crowibanunding",2020-09-01,"uk",1,0.102145045965271
"525","crowibanunding",2020-10-01,"de",44,2.5186033199771
"526","crowibanunding",2020-10-01,"en",5,0.286204922724671
"527","crowibanunding",2020-10-01,"ru",1,0.0572409845449342
"528","crowibanunding",2020-11-01,"",1,0.0460193281178095
"529","crowibanunding",2020-11-01,"de",85,3.91164289001381
"530","crowibanunding",2020-11-01,"en",9,0.414173953060285
"531","crowibanunding",2020-11-01,"it",1,0.0460193281178095
"532","crowibanunding",2020-11-01,"no",2,0.092038656235619
"533","crowibanunding",2020-11-01,"uk",1,0.0460193281178095
"534","crowibanunding",2020-12-01,"de",13,0.656897422940879
"535","crowibanunding",2020-12-01,"en",2,0.101061141990905
"536","crowibanunding",2020-12-01,"ru",1,0.0505305709954523
"537","crowibanunding",2020-12-01,"so",1,0.0505305709954523
"538","crowibanunding",2021-01-01,"",2,0.072202166064982
"539","crowibanunding",2021-01-01,"de",27,0.974729241877256
"540","crowibanunding",2021-01-01,"en",12,0.433212996389892
"541","crowibanunding",2021-01-01,"fr",4,0.144404332129964
"542","crowibanunding",2021-01-01,"it",4,0.144404332129964
"543","crowibanunding",2021-02-01,"",5,0.181028240405503
"544","crowibanunding",2021-02-01,"de",11,0.398262128892107
"545","crowibanunding",2021-02-01,"en",21,0.760318609703114
"546","crowibanunding",2021-02-01,"fr",1,0.0362056480811006
"547","crowibanunding",2021-02-01,"it",6,0.217233888486604
"548","crowibanunding",2021-03-01,"",13,0.370054084827783
"549","crowibanunding",2021-03-01,"de",4,0.113862795331625
"550","crowibanunding",2021-03-01,"en",9,0.256191289496157
"551","crowibanunding",2021-03-01,"fr",3,0.085397096498719
"552","crowibanunding",2021-03-01,"it",19,0.540848277825221
"553","crowibanunding",2021-04-01,"",2,0.049031625398382
"554","crowibanunding",2021-04-01,"de",29,0.710958568276538
"555","crowibanunding",2021-04-01,"en",9,0.220642314292719
"556","crowibanunding",2021-04-01,"es",1,0.024515812699191
"557","crowibanunding",2021-04-01,"fr",1,0.024515812699191
"558","crowibanunding",2021-04-01,"it",2,0.049031625398382
"559","crowibanunding",2021-04-01,"ru",1,0.024515812699191
"560","crowibanunding",2021-05-01,"",2,0.033311125916056
"561","crowibanunding",2021-05-01,"de",45,0.749500333111259
"562","crowibanunding",2021-05-01,"en",110,1.83211192538308
"563","crowibanunding",2021-05-01,"it",2,0.033311125916056
"564","crowibanunding",2021-05-01,"pl",1,0.016655562958028
"565","crowibanunding",2021-05-01,"ro",1,0.016655562958028
"566","crowibanunding",2021-06-01,"",4,0.0825593395252838
"567","crowibanunding",2021-06-01,"de",28,0.577915376676987
"568","crowibanunding",2021-06-01,"en",50,1.03199174406605
"569","crowibanunding",2021-06-01,"fr",2,0.0412796697626419
"570","crowibanunding",2021-06-01,"it",4,0.0825593395252838
"571","crowibanunding",2021-06-01,"ru",1,0.020639834881321
"572","crowibanunding",2021-07-01,"de",63,1.32325141776938
"573","crowibanunding",2021-07-01,"en",31,0.651123713505566
"574","crowibanunding",2021-07-01,"it",33,0.693131695022054
"575","crowibanunding",2021-07-01,"pt",3,0.0630119722747322
"576","crowibanunding",2021-07-01,"ru",1,0.0210039907582441
"577","crowibanunding",2021-07-01,"uk",1,0.0210039907582441
"578","crowibanunding",2021-08-01,"",1,0.0207296849087894
"579","crowibanunding",2021-08-01,"ca",1,0.0207296849087894
"580","crowibanunding",2021-08-01,"de",63,1.30597014925373
"581","crowibanunding",2021-08-01,"en",61,1.26451077943615
"582","crowibanunding",2021-08-01,"fr",2,0.0414593698175788
"583","crowibanunding",2021-08-01,"it",36,0.746268656716418
"584","crowibanunding",2021-08-01,"nl",30,0.621890547263682
"585","crowibanunding",2021-08-01,"ru",1,0.0207296849087894
"586","crowibanunding",2021-08-01,"vi",2,0.0414593698175788
"587","crowibanunding",2021-09-01,"",5,0.120918984280532
"588","crowibanunding",2021-09-01,"de",67,1.62031438935913
"589","crowibanunding",2021-09-01,"en",77,1.86215235792019
"590","crowibanunding",2021-09-01,"es",1,0.0241837968561064
"591","crowibanunding",2021-09-01,"fr",1,0.0241837968561064
"592","crowibanunding",2021-09-01,"it",16,0.386940749697703
"593","crowibanunding",2021-09-01,"nl",195,4.71584038694075
"594","crowibanunding",2021-09-01,"ro",1,0.0241837968561064
"595","crowibanunding",2021-09-01,"tl",1,0.0241837968561064
"596","crowibanunding",2021-09-01,"uk",1,0.0241837968561064
"597","crowibanunding",2021-10-01,"",1,0.0240558094779889
"598","crowibanunding",2021-10-01,"ca",1,0.0240558094779889
"599","crowibanunding",2021-10-01,"de",72,1.7320182824152
"600","crowibanunding",2021-10-01,"en",93,2.23719028145297
"601","crowibanunding",2021-10-01,"es",1,0.0240558094779889
"602","crowibanunding",2021-10-01,"fr",2,0.0481116189559779
"603","crowibanunding",2021-10-01,"it",2,0.0481116189559779
"604","crowibanunding",2021-10-01,"nl",193,4.64277122925186
"605","crowibanunding",2021-10-01,"uk",1,0.0240558094779889
"606","crowibanunding",2021-11-01,"",2,0.0471253534401508
"607","crowibanunding",2021-11-01,"de",54,1.27238454288407
"608","crowibanunding",2021-11-01,"en",86,2.02639019792648
"609","crowibanunding",2021-11-01,"es",1,0.0235626767200754
"610","crowibanunding",2021-11-01,"fr",13,0.30631479736098
"611","crowibanunding",2021-11-01,"nl",86,2.02639019792648
"612","crowibanunding",2021-11-01,"vi",1,0.0235626767200754
"613","crowibanunding",2021-12-01,"",3,0.0428755180791768
"614","crowibanunding",2021-12-01,"de",43,0.614549092468201
"615","crowibanunding",2021-12-01,"en",60,0.857510361583536
"616","crowibanunding",2021-12-01,"es",2,0.0285836787194512
"617","crowibanunding",2021-12-01,"fr",5,0.071459196798628
"618","crowibanunding",2021-12-01,"it",2,0.0285836787194512
"619","crowibanunding",2022-01-01,"",2,0.02040399918384
"620","crowibanunding",2022-01-01,"de",69,0.703937971842481
"621","crowibanunding",2022-01-01,"en",60,0.612119975515201
"622","crowibanunding",2022-01-01,"fr",7,0.0714139971434401
"623","crowibanunding",2022-01-01,"it",2,0.02040399918384
"624","crowibanunding",2022-01-01,"vi",1,0.01020199959192
"625","crowibanunding",2022-02-01,"",1,0.0158353127474268
"626","crowibanunding",2022-02-01,"de",32,0.506730007917656
"627","crowibanunding",2022-02-01,"en",56,0.886777513855899
"628","crowibanunding",2022-02-01,"fr",12,0.190023752969121
"629","crowibanunding",2022-03-01,"de",47,0.822829131652661
"630","crowibanunding",2022-03-01,"en",86,1.50560224089636
"631","crowibanunding",2022-03-01,"es",4,0.0700280112044818
"632","crowibanunding",2022-03-01,"fr",26,0.455182072829132
"633","crowibanunding",2022-03-01,"ru",4,0.0700280112044818
"634","crowibanunding",2022-04-01,"",4,0.0905592030790129
"635","crowibanunding",2022-04-01,"de",39,0.882952230020376
"636","crowibanunding",2022-04-01,"en",44,0.996151233869142
"637","crowibanunding",2022-04-01,"fr",5,0.113199003848766
"638","crowibanunding",2022-04-01,"it",17,0.384876613085805
"639","crowibanunding",2022-04-01,"pt",2,0.0452796015395064
"640","crowibanunding",2022-04-01,"ru",1,0.0226398007697532
"641","crowibanunding",2022-05-01,"bg",3,0.0794070937003706
"642","crowibanunding",2022-05-01,"cs",1,0.0264690312334569
"643","crowibanunding",2022-05-01,"de",25,0.661725780836421
"644","crowibanunding",2022-05-01,"en",61,1.61461090524087
"645","crowibanunding",2022-06-01,"",1,0.0233754090696587
"646","crowibanunding",2022-06-01,"bg",1,0.0233754090696587
"647","crowibanunding",2022-06-01,"de",48,1.12201963534362
"648","crowibanunding",2022-06-01,"en",86,2.01028517999065
"649","crowibanunding",2022-06-01,"fr",6,0.140252454417952
"650","crowibanunding",2022-06-01,"uk",1,0.0233754090696587
"651","crowibanunding",2022-07-01,"bg",2,0.0511116790186558
"652","crowibanunding",2022-07-01,"de",27,0.690007666751853
"653","crowibanunding",2022-07-01,"en",55,1.40557117301303
"654","crowibanunding",2022-07-01,"es",4,0.102223358037312
"655","crowibanunding",2022-07-01,"fr",4,0.102223358037312
"656","crowibanunding",2022-07-01,"it",1,0.0255558395093279
"657","crowibanunding",2022-07-01,"nl",1,0.0255558395093279
"658","crowibanunding",2022-08-01,"",7,0.171694873681629
"659","crowibanunding",2022-08-01,"de",28,0.686779494726515
"660","crowibanunding",2022-08-01,"en",62,1.52072602403728
"661","crowibanunding",2022-08-01,"fr",5,0.122639195486878
"662","crowibanunding",2022-08-01,"pt",2,0.049055678194751
"663","crowibanunding",2022-08-01,"tl",1,0.0245278390973755
"664","crowibanunding",2022-09-01,"",8,0.178651183564091
"665","crowibanunding",2022-09-01,"bg",2,0.0446627958910228
"666","crowibanunding",2022-09-01,"de",39,0.870924519874944
"667","crowibanunding",2022-09-01,"en",192,4.28762840553819
"668","crowibanunding",2022-09-01,"fr",9,0.200982581509603
"669","crowibanunding",2022-09-01,"it",1,0.0223313979455114
"670","crowibanunding",2022-09-01,"pt",1,0.0223313979455114
"671","crowibanunding",2022-09-01,"uk",1,0.0223313979455114
"672","crowibanunding",2022-10-01,"",2,0.0525210084033613
"673","crowibanunding",2022-10-01,"bg",1,0.0262605042016807
"674","crowibanunding",2022-10-01,"de",14,0.367647058823529
"675","crowibanunding",2022-10-01,"en",352,9.2436974789916
"676","crowibanunding",2022-10-01,"es",1,0.0262605042016807
"677","crowibanunding",2022-10-01,"fr",3,0.078781512605042
"678","crowibanunding",2022-10-01,"ro",1,0.0262605042016807
"679","crowibanunding",2022-10-01,"uk",1,0.0262605042016807
"680","crowibanunding",2022-10-01,"vi",1,0.0262605042016807
"681","crowibanunding",2022-11-01,"",2,0.048780487804878
"682","crowibanunding",2022-11-01,"bg",2,0.048780487804878
"683","crowibanunding",2022-11-01,"cs",1,0.024390243902439
"684","crowibanunding",2022-11-01,"de",26,0.634146341463415
"685","crowibanunding",2022-11-01,"en",269,6.5609756097561
"686","crowibanunding",2022-11-01,"es",1,0.024390243902439
"687","crowibanunding",2022-11-01,"fr",6,0.146341463414634
"688","crowibanunding",2022-11-01,"it",3,0.0731707317073171
"689","crowibanunding",2022-11-01,"pt",1,0.024390243902439
"690","crowibanunding",2022-11-01,"ru",3,0.0731707317073171
"691","crowibanunding",2022-12-01,"bg",3,0.092678405931418
"692","crowibanunding",2022-12-01,"de",10,0.308928019771393
"693","crowibanunding",2022-12-01,"en",116,3.58356502934816
"694","crowibanunding",2022-12-01,"fr",2,0.0617856039542787
"695","crowibanunding",2022-12-01,"ru",1,0.0308928019771393
"696","crowibanunding",2023-01-01,"",1,0.0279329608938547
"697","crowibanunding",2023-01-01,"bg",5,0.139664804469274
"698","crowibanunding",2023-01-01,"de",7,0.195530726256983
"699","crowibanunding",2023-01-01,"en",49,1.36871508379888
"700","crowibanunding",2023-01-01,"fr",4,0.111731843575419
"701","crowibanunding",2023-02-01,"",1,0.0351246926589392
"702","crowibanunding",2023-02-01,"bg",3,0.105374077976818
"703","crowibanunding",2023-02-01,"de",15,0.526870389884089
"704","crowibanunding",2023-02-01,"en",72,2.52897787144363
"705","crowibanunding",2023-02-01,"fr",7,0.245872848612575
"706","crowibanunding",2023-02-01,"ru",1,0.0351246926589392
"707","crowibanunding",2023-02-01,"uk",2,0.0702493853178785
"708","crowibanunding",2023-03-01,"bg",5,0.122759636631476
"709","crowibanunding",2023-03-01,"cs",1,0.0245519273262951
"710","crowibanunding",2023-03-01,"de",10,0.245519273262951
"711","crowibanunding",2023-03-01,"en",54,1.32580407561994
"712","crowibanunding",2023-03-01,"es",1,0.0245519273262951
"713","crowibanunding",2023-03-01,"fr",3,0.0736557819788853
"714","crowibanunding",2023-03-01,"it",1,0.0245519273262951
"715","crowibanunding",2023-03-01,"mk",1,0.0245519273262951
"716","crowibanunding",2023-03-01,"ru",3,0.0736557819788853
"717","crowibanunding",2023-03-01,"uk",1,0.0245519273262951
"718","crowibanunding",2023-03-01,"vi",1,0.0245519273262951
"719","crowibanunding",2023-04-01,"",1,0.0292825768667643
"720","crowibanunding",2023-04-01,"bg",3,0.0878477306002928
"721","crowibanunding",2023-04-01,"de",29,0.849194729136164
"722","crowibanunding",2023-04-01,"en",47,1.37628111273792
"723","crowibanunding",2023-04-01,"it",2,0.0585651537335286
"724","crowibanunding",2023-05-01,"",1,0.0290782204129107
"725","crowibanunding",2023-05-01,"bg",2,0.0581564408258215
"726","crowibanunding",2023-05-01,"de",24,0.697877289909858
"727","crowibanunding",2023-05-01,"en",74,2.15178831055539
"728","crowibanunding",2023-05-01,"fr",3,0.0872346612387322
"729","crowibanunding",2023-05-01,"it",1,0.0290782204129107
"730","crowibanunding",2023-05-01,"uk",1,0.0290782204129107
"731","crowibanunding",2023-06-01,"",1,0.068259385665529
"732","crowibanunding",2023-06-01,"bg",1,0.068259385665529
"733","crowibanunding",2023-06-01,"de",23,1.56996587030717
"734","crowibanunding",2023-06-01,"en",12,0.819112627986348
"735","crypto",2017-03-01,"it",1,50
"736","crypto",2017-10-01,"it",1,50
"737","crypto",2018-02-01,"it",1,100
"738","crypto",2018-07-01,"it",3,75
"739","crypto",2019-01-01,"it",1,3.57142857142857
"740","crypto",2019-02-01,"de",1,2.85714285714286
"741","crypto",2019-02-01,"it",1,2.85714285714286
"742","crypto",2019-03-01,"de",1,2.38095238095238
"743","crypto",2019-03-01,"it",1,2.38095238095238
"744","crypto",2019-04-01,"it",1,1.85185185185185
"745","crypto",2019-05-01,"en",1,1.72413793103448
"746","crypto",2019-06-01,"",1,1.66666666666667
"747","crypto",2019-06-01,"en",2,3.33333333333333
"748","crypto",2019-07-01,"de",1,2.04081632653061
"749","crypto",2019-08-01,"de",1,1.88679245283019
"750","crypto",2019-09-01,"de",1,1.49253731343284
"751","crypto",2019-09-01,"en",2,2.98507462686567
"752","crypto",2020-01-01,"bg",3,1.57068062827225
"753","crypto",2020-01-01,"de",7,3.66492146596859
"754","crypto",2020-02-01,"de",9,3.47490347490348
"755","crypto",2020-02-01,"en",1,0.386100386100386
"756","crypto",2020-03-01,"",1,0.490196078431373
"757","crypto",2020-03-01,"de",11,5.3921568627451
"758","crypto",2020-03-01,"es",1,0.490196078431373
"759","crypto",2020-04-01,"",5,3.40136054421769
"760","crypto",2020-04-01,"de",6,4.08163265306122
"761","crypto",2020-04-01,"ru",1,0.680272108843537
"762","crypto",2020-05-01,"de",24,11.6504854368932
"763","crypto",2020-05-01,"en",3,1.45631067961165
"764","crypto",2020-06-01,"de",395,69.9115044247788
"765","crypto",2020-07-01,"",1,0.102459016393443
"766","crypto",2020-07-01,"de",693,71.0040983606557
"767","crypto",2020-07-01,"en",2,0.204918032786885
"768","crypto",2020-08-01,"",3,0.383631713554987
"769","crypto",2020-08-01,"de",462,59.079283887468
"770","crypto",2020-08-01,"en",2,0.255754475703325
"771","crypto",2020-08-01,"hr",1,0.127877237851662
"772","crypto",2020-08-01,"nl",1,0.127877237851662
"773","crypto",2020-09-01,"",2,0.204290091930541
"774","crypto",2020-09-01,"de",556,56.7926455566905
"775","crypto",2020-09-01,"it",1,0.102145045965271
"776","crypto",2020-10-01,"",2,0.114481969089868
"777","crypto",2020-10-01,"de",621,35.5466514024041
"778","crypto",2020-10-01,"en",2,0.114481969089868
"779","crypto",2020-10-01,"es",1,0.0572409845449342
"780","crypto",2020-10-01,"fr",8,0.457927876359473
"781","crypto",2020-10-01,"it",1,0.0572409845449342
"782","crypto",2020-10-01,"nl",1,0.0572409845449342
"783","crypto",2020-10-01,"sv",1,0.0572409845449342
"784","crypto",2020-10-01,"zh-cn",1,0.0572409845449342
"785","crypto",2020-11-01,"",6,0.276115968706857
"786","crypto",2020-11-01,"ca",1,0.0460193281178095
"787","crypto",2020-11-01,"de",619,28.4859641049241
"788","crypto",2020-11-01,"en",4,0.184077312471238
"789","crypto",2020-11-01,"fr",13,0.598251265531523
"790","crypto",2020-11-01,"it",5,0.230096640589047
"791","crypto",2020-11-01,"pt",1,0.0460193281178095
"792","crypto",2020-12-01,"",4,0.202122283981809
"793","crypto",2020-12-01,"de",428,21.6270843860536
"794","crypto",2020-12-01,"en",1,0.0505305709954523
"795","crypto",2020-12-01,"es",1,0.0505305709954523
"796","crypto",2020-12-01,"fr",3,0.151591712986357
"797","crypto",2020-12-01,"nl",1,0.0505305709954523
"798","crypto",2020-12-01,"pt",1,0.0505305709954523
"799","crypto",2021-01-01,"",4,0.144404332129964
"800","crypto",2021-01-01,"de",723,26.101083032491
"801","crypto",2021-01-01,"en",55,1.985559566787
"802","crypto",2021-01-01,"es",2,0.072202166064982
"803","crypto",2021-01-01,"fr",4,0.144404332129964
"804","crypto",2021-01-01,"it",2,0.072202166064982
"805","crypto",2021-01-01,"nl",1,0.036101083032491
"806","crypto",2021-01-01,"uk",1,0.036101083032491
"807","crypto",2021-02-01,"",14,0.506879073135409
"808","crypto",2021-02-01,"ca",2,0.0724112961622013
"809","crypto",2021-02-01,"cs",2,0.0724112961622013
"810","crypto",2021-02-01,"cy",6,0.217233888486604
"811","crypto",2021-02-01,"de",646,23.388848660391
"812","crypto",2021-02-01,"en",53,1.91889934829833
"813","crypto",2021-02-01,"es",2,0.0724112961622013
"814","crypto",2021-02-01,"fr",8,0.289645184648805
"815","crypto",2021-02-01,"it",2,0.0724112961622013
"816","crypto",2021-02-01,"nl",4,0.144822592324403
"817","crypto",2021-02-01,"so",1,0.0362056480811006
"818","crypto",2021-03-01,"",5,0.142328494164532
"819","crypto",2021-03-01,"cs",1,0.0284656988329063
"820","crypto",2021-03-01,"cy",3,0.085397096498719
"821","crypto",2021-03-01,"de",795,22.6302305721605
"822","crypto",2021-03-01,"en",20,0.569313976658127
"823","crypto",2021-03-01,"fr",7,0.199259891830344
"824","crypto",2021-03-01,"it",1,0.0284656988329063
"825","crypto",2021-03-01,"nl",5,0.142328494164532
"826","crypto",2021-03-01,"pt",1,0.0284656988329063
"827","crypto",2021-03-01,"ru",1,0.0284656988329063
"828","crypto",2021-03-01,"sq",1,0.0284656988329063
"829","crypto",2021-03-01,"uk",1,0.0284656988329063
"830","crypto",2021-04-01,"",1,0.024515812699191
"831","crypto",2021-04-01,"de",561,13.7533709242461
"832","crypto",2021-04-01,"en",20,0.49031625398382
"833","crypto",2021-04-01,"es",2,0.049031625398382
"834","crypto",2021-04-01,"fr",10,0.24515812699191
"835","crypto",2021-04-01,"it",11,0.269673939691101
"836","crypto",2021-04-01,"nl",1,0.024515812699191
"837","crypto",2021-04-01,"ro",1,0.024515812699191
"838","crypto",2021-04-01,"uk",3,0.0735474380975729
"839","crypto",2021-05-01,"",4,0.0666222518321119
"840","crypto",2021-05-01,"de",665,11.0759493670886
"841","crypto",2021-05-01,"en",14,0.233177881412392
"842","crypto",2021-05-01,"es",1,0.016655562958028
"843","crypto",2021-05-01,"fr",4,0.0666222518321119
"844","crypto",2021-05-01,"it",2,0.033311125916056
"845","crypto",2021-06-01,"",12,0.247678018575851
"846","crypto",2021-06-01,"cy",3,0.0619195046439629
"847","crypto",2021-06-01,"de",351,7.24458204334365
"848","crypto",2021-06-01,"en",51,1.05263157894737
"849","crypto",2021-06-01,"es",2,0.0412796697626419
"850","crypto",2021-06-01,"fr",6,0.123839009287926
"851","crypto",2021-06-01,"it",8,0.165118679050568
"852","crypto",2021-06-01,"nl",3,0.0619195046439629
"853","crypto",2021-06-01,"ru",1,0.020639834881321
"854","crypto",2021-06-01,"vi",1,0.020639834881321
"855","crypto",2021-07-01,"",11,0.231043898340685
"856","crypto",2021-07-01,"ca",4,0.0840159630329763
"857","crypto",2021-07-01,"cy",1,0.0210039907582441
"858","crypto",2021-07-01,"de",344,7.22537282083596
"859","crypto",2021-07-01,"en",76,1.59630329762655
"860","crypto",2021-07-01,"es",5,0.10501995379122
"861","crypto",2021-07-01,"fr",3,0.0630119722747322
"862","crypto",2021-07-01,"it",5,0.10501995379122
"863","crypto",2021-07-01,"pt",1,0.0210039907582441
"864","crypto",2021-07-01,"ru",1,0.0210039907582441
"865","crypto",2021-07-01,"tr",2,0.0420079815164881
"866","crypto",2021-08-01,"",9,0.186567164179104
"867","crypto",2021-08-01,"cs",1,0.0207296849087894
"868","crypto",2021-08-01,"de",283,5.8665008291874
"869","crypto",2021-08-01,"en",188,3.8971807628524
"870","crypto",2021-08-01,"es",8,0.165837479270315
"871","crypto",2021-08-01,"fr",22,0.456053067993367
"872","crypto",2021-08-01,"it",5,0.103648424543947
"873","crypto",2021-08-01,"nl",1,0.0207296849087894
"874","crypto",2021-08-01,"sl",1,0.0207296849087894
"875","crypto",2021-08-01,"so",9,0.186567164179104
"876","crypto",2021-09-01,"",34,0.822249093107618
"877","crypto",2021-09-01,"de",265,6.4087061668682
"878","crypto",2021-09-01,"en",98,2.37001209189843
"879","crypto",2021-09-01,"es",5,0.120918984280532
"880","crypto",2021-09-01,"fr",19,0.459492140266022
"881","crypto",2021-09-01,"it",5,0.120918984280532
"882","crypto",2021-09-01,"nl",2,0.0483675937122128
"883","crypto",2021-09-01,"so",1,0.0241837968561064
"884","crypto",2021-09-01,"vi",12,0.290205562273277
"885","crypto",2021-10-01,"",4,0.0962232379119557
"886","crypto",2021-10-01,"bg",2,0.0481116189559779
"887","crypto",2021-10-01,"ca",1,0.0240558094779889
"888","crypto",2021-10-01,"de",292,7.02429636757277
"889","crypto",2021-10-01,"en",22,0.529227808515757
"890","crypto",2021-10-01,"es",5,0.120279047389945
"891","crypto",2021-10-01,"fr",5,0.120279047389945
"892","crypto",2021-10-01,"ro",1,0.0240558094779889
"893","crypto",2021-10-01,"uk",1,0.0240558094779889
"894","crypto",2021-10-01,"vi",1,0.0240558094779889
"895","crypto",2021-11-01,"",17,0.400565504241282
"896","crypto",2021-11-01,"ca",2,0.0471253534401508
"897","crypto",2021-11-01,"cs",1,0.0235626767200754
"898","crypto",2021-11-01,"de",383,9.02450518378888
"899","crypto",2021-11-01,"en",45,1.06032045240339
"900","crypto",2021-11-01,"es",2,0.0471253534401508
"901","crypto",2021-11-01,"et",1,0.0235626767200754
"902","crypto",2021-11-01,"fr",25,0.589066918001885
"903","crypto",2021-11-01,"it",4,0.0942507068803016
"904","crypto",2021-11-01,"nl",137,3.22808671065033
"905","crypto",2021-11-01,"pl",1,0.0235626767200754
"906","crypto",2021-11-01,"pt",1,0.0235626767200754
"907","crypto",2021-11-01,"uk",1,0.0235626767200754
"908","crypto",2021-12-01,"",13,0.185793911676433
"909","crypto",2021-12-01,"af",1,0.0142918393597256
"910","crypto",2021-12-01,"ca",1,0.0142918393597256
"911","crypto",2021-12-01,"cy",2,0.0285836787194512
"912","crypto",2021-12-01,"de",2388,34.1289123910247
"913","crypto",2021-12-01,"en",48,0.686008289266829
"914","crypto",2021-12-01,"fr",34,0.48592253823067
"915","crypto",2021-12-01,"it",6,0.0857510361583536
"916","crypto",2021-12-01,"lt",1,0.0142918393597256
"917","crypto",2021-12-01,"nl",183,2.61540660282978
"918","crypto",2021-12-01,"uk",1,0.0142918393597256
"919","crypto",2022-01-01,"",5,0.0510099979596001
"920","crypto",2022-01-01,"de",3221,32.8606406855744
"921","crypto",2022-01-01,"en",135,1.3772699449092
"922","crypto",2022-01-01,"es",9,0.0918179963272801
"923","crypto",2022-01-01,"fr",34,0.346867986125281
"924","crypto",2022-01-01,"it",9,0.0918179963272801
"925","crypto",2022-01-01,"nl",175,1.785349928586
"926","crypto",2022-01-01,"ru",1,0.01020199959192
"927","crypto",2022-01-01,"uk",1,0.01020199959192
"928","crypto",2022-02-01,"",1,0.0158353127474268
"929","crypto",2022-02-01,"cy",2,0.0316706254948535
"930","crypto",2022-02-01,"de",1500,23.7529691211401
"931","crypto",2022-02-01,"en",78,1.23515439429929
"932","crypto",2022-02-01,"es",4,0.063341250989707
"933","crypto",2022-02-01,"et",1,0.0158353127474268
"934","crypto",2022-02-01,"fr",30,0.475059382422803
"935","crypto",2022-02-01,"it",2,0.0316706254948535
"936","crypto",2022-02-01,"nl",170,2.69200316706255
"937","crypto",2022-02-01,"ru",5,0.0791765637371338
"938","crypto",2022-02-01,"tl",2,0.0316706254948535
"939","crypto",2022-02-01,"uk",16,0.253365003958828
"940","crypto",2022-03-01,"",6,0.105042016806723
"941","crypto",2022-03-01,"bg",6,0.105042016806723
"942","crypto",2022-03-01,"cy",1,0.0175070028011204
"943","crypto",2022-03-01,"de",1239,21.6911764705882
"944","crypto",2022-03-01,"en",73,1.27801120448179
"945","crypto",2022-03-01,"et",1,0.0175070028011204
"946","crypto",2022-03-01,"fr",26,0.455182072829132
"947","crypto",2022-03-01,"nl",184,3.22128851540616
"948","crypto",2022-03-01,"ru",57,0.997899159663865
"949","crypto",2022-03-01,"sk",1,0.0175070028011204
"950","crypto",2022-03-01,"uk",35,0.612745098039216
"951","crypto",2022-04-01,"",11,0.249037808467285
"952","crypto",2022-04-01,"bg",4,0.0905592030790129
"953","crypto",2022-04-01,"de",673,15.2365859180439
"954","crypto",2022-04-01,"en",19,0.430156214625311
"955","crypto",2022-04-01,"et",2,0.0452796015395064
"956","crypto",2022-04-01,"fr",6,0.135838804618519
"957","crypto",2022-04-01,"nl",143,3.23749151007471
"958","crypto",2022-04-01,"ru",54,1.22254924156667
"959","crypto",2022-04-01,"uk",16,0.362236812316052
"960","crypto",2022-05-01,"",5,0.132345156167284
"961","crypto",2022-05-01,"bg",1,0.0264690312334569
"962","crypto",2022-05-01,"ca",4,0.105876124933827
"963","crypto",2022-05-01,"cs",1,0.0264690312334569
"964","crypto",2022-05-01,"de",319,8.44362096347274
"965","crypto",2022-05-01,"en",32,0.84700899947062
"966","crypto",2022-05-01,"fr",4,0.105876124933827
"967","crypto",2022-05-01,"it",2,0.0529380624669137
"968","crypto",2022-05-01,"nl",90,2.38221281101112
"969","crypto",2022-05-01,"ro",1,0.0264690312334569
"970","crypto",2022-05-01,"ru",67,1.77342509264161
"971","crypto",2022-05-01,"so",1,0.0264690312334569
"972","crypto",2022-05-01,"uk",6,0.158814187400741
"973","crypto",2022-06-01,"",2,0.0467508181393174
"974","crypto",2022-06-01,"ca",3,0.0701262272089762
"975","crypto",2022-06-01,"de",566,13.2304815334268
"976","crypto",2022-06-01,"en",444,10.3786816269285
"977","crypto",2022-06-01,"fr",6,0.140252454417952
"978","crypto",2022-06-01,"it",8,0.18700327255727
"979","crypto",2022-06-01,"mk",1,0.0233754090696587
"980","crypto",2022-06-01,"nl",85,1.98690977092099
"981","crypto",2022-06-01,"ru",49,1.14539504441328
"982","crypto",2022-06-01,"sv",1,0.0233754090696587
"983","crypto",2022-06-01,"uk",12,0.280504908835905
"984","crypto",2022-07-01,"",6,0.153335037055967
"985","crypto",2022-07-01,"de",440,11.2445693841043
"986","crypto",2022-07-01,"en",564,14.4134934832609
"987","crypto",2022-07-01,"es",1,0.0255558395093279
"988","crypto",2022-07-01,"et",1,0.0255558395093279
"989","crypto",2022-07-01,"fr",2,0.0511116790186558
"990","crypto",2022-07-01,"it",3,0.0766675185279836
"991","crypto",2022-07-01,"nl",91,2.32558139534884
"992","crypto",2022-07-01,"ru",43,1.0989010989011
"993","crypto",2022-07-01,"uk",9,0.230002555583951
"994","crypto",2022-08-01,"",9,0.22075055187638
"995","crypto",2022-08-01,"ca",2,0.049055678194751
"996","crypto",2022-08-01,"de",177,4.34142752023547
"997","crypto",2022-08-01,"en",1004,24.625950453765
"998","crypto",2022-08-01,"es",4,0.0981113563895021
"999","crypto",2022-08-01,"fr",42,1.03016924208977
"1000","crypto",2022-08-01,"nl",63,1.54525386313466
"1001","crypto",2022-08-01,"ru",27,0.662251655629139
"1002","crypto",2022-08-01,"uk",9,0.22075055187638
"1003","crypto",2022-09-01,"",3,0.0669941938365342
"1004","crypto",2022-09-01,"cy",1,0.0223313979455114
"1005","crypto",2022-09-01,"de",440,9.82581509602501
"1006","crypto",2022-09-01,"en",463,10.3394372487718
"1007","crypto",2022-09-01,"es",4,0.0893255917820455
"1008","crypto",2022-09-01,"fr",21,0.468959356855739
"1009","crypto",2022-09-01,"it",10,0.223313979455114
"1010","crypto",2022-09-01,"mk",1,0.0223313979455114
"1011","crypto",2022-09-01,"nl",43,0.96025011165699
"1012","crypto",2022-09-01,"ru",14,0.312639571237159
"1013","crypto",2022-09-01,"uk",6,0.133988387673068
"1014","crypto",2022-10-01,"",7,0.183823529411765
"1015","crypto",2022-10-01,"de",395,10.3728991596639
"1016","crypto",2022-10-01,"en",43,1.12920168067227
"1017","crypto",2022-10-01,"es",2,0.0525210084033613
"1018","crypto",2022-10-01,"fr",9,0.236344537815126
"1019","crypto",2022-10-01,"id",1,0.0262605042016807
"1020","crypto",2022-10-01,"it",6,0.157563025210084
"1021","crypto",2022-10-01,"nl",41,1.07668067226891
"1022","crypto",2022-10-01,"ru",16,0.420168067226891
"1023","crypto",2022-10-01,"uk",5,0.131302521008403
"1024","crypto",2022-11-01,"",4,0.0975609756097561
"1025","crypto",2022-11-01,"da",1,0.024390243902439
"1026","crypto",2022-11-01,"de",216,5.26829268292683
"1027","crypto",2022-11-01,"en",556,13.5609756097561
"1028","crypto",2022-11-01,"fr",6,0.146341463414634
"1029","crypto",2022-11-01,"hu",1,0.024390243902439
"1030","crypto",2022-11-01,"id",1,0.024390243902439
"1031","crypto",2022-11-01,"it",9,0.219512195121951
"1032","crypto",2022-11-01,"mk",1,0.024390243902439
"1033","crypto",2022-11-01,"nl",38,0.926829268292683
"1034","crypto",2022-11-01,"ru",13,0.317073170731707
"1035","crypto",2022-11-01,"tl",5,0.121951219512195
"1036","crypto",2022-11-01,"uk",3,0.0731707317073171
"1037","crypto",2022-12-01,"",7,0.216249613839975
"1038","crypto",2022-12-01,"de",194,5.99320358356503
"1039","crypto",2022-12-01,"en",247,7.63052208835341
"1040","crypto",2022-12-01,"es",1,0.0308928019771393
"1041","crypto",2022-12-01,"fr",19,0.586963237565647
"1042","crypto",2022-12-01,"it",9,0.278035217794254
"1043","crypto",2022-12-01,"nl",28,0.864998455359901
"1044","crypto",2022-12-01,"ru",13,0.401606425702811
"1045","crypto",2022-12-01,"uk",7,0.216249613839975
"1046","crypto",2023-01-01,"",5,0.139664804469274
"1047","crypto",2023-01-01,"ca",1,0.0279329608938547
"1048","crypto",2023-01-01,"de",161,4.49720670391061
"1049","crypto",2023-01-01,"en",416,11.6201117318436
"1050","crypto",2023-01-01,"es",3,0.0837988826815642
"1051","crypto",2023-01-01,"fr",10,0.279329608938547
"1052","crypto",2023-01-01,"hr",1,0.0279329608938547
"1053","crypto",2023-01-01,"it",34,0.949720670391061
"1054","crypto",2023-01-01,"nl",21,0.58659217877095
"1055","crypto",2023-01-01,"ru",6,0.167597765363128
"1056","crypto",2023-01-01,"sv",1,0.0279329608938547
"1057","crypto",2023-01-01,"uk",3,0.0837988826815642
"1058","crypto",2023-02-01,"",7,0.245872848612575
"1059","crypto",2023-02-01,"da",2,0.0702493853178785
"1060","crypto",2023-02-01,"de",72,2.52897787144363
"1061","crypto",2023-02-01,"en",203,7.13031260976466
"1062","crypto",2023-02-01,"es",2,0.0702493853178785
"1063","crypto",2023-02-01,"fr",20,0.702493853178785
"1064","crypto",2023-02-01,"it",5,0.175623463294696
"1065","crypto",2023-02-01,"nl",17,0.597119775201967
"1066","crypto",2023-02-01,"ru",3,0.105374077976818
"1067","crypto",2023-02-01,"uk",2,0.0702493853178785
"1068","crypto",2023-03-01,"",10,0.245519273262951
"1069","crypto",2023-03-01,"bg",1,0.0245519273262951
"1070","crypto",2023-03-01,"ca",2,0.0491038546525902
"1071","crypto",2023-03-01,"cy",4,0.0982077093051805
"1072","crypto",2023-03-01,"da",1,0.0245519273262951
"1073","crypto",2023-03-01,"de",87,2.13601767738767
"1074","crypto",2023-03-01,"en",67,1.64497913086177
"1075","crypto",2023-03-01,"es",7,0.171863491284066
"1076","crypto",2023-03-01,"fr",10,0.245519273262951
"1077","crypto",2023-03-01,"it",4,0.0982077093051805
"1078","crypto",2023-03-01,"nl",21,0.515590473852197
"1079","crypto",2023-03-01,"ru",8,0.196415418610361
"1080","crypto",2023-03-01,"uk",4,0.0982077093051805
"1081","crypto",2023-04-01,"",6,0.175695461200586
"1082","crypto",2023-04-01,"ca",1,0.0292825768667643
"1083","crypto",2023-04-01,"cy",1,0.0292825768667643
"1084","crypto",2023-04-01,"de",58,1.69838945827233
"1085","crypto",2023-04-01,"en",29,0.849194729136164
"1086","crypto",2023-04-01,"fr",6,0.175695461200586
"1087","crypto",2023-04-01,"it",4,0.117130307467057
"1088","crypto",2023-04-01,"nl",3,0.0878477306002928
"1089","crypto",2023-04-01,"ru",38,1.11273792093704
"1090","crypto",2023-04-01,"uk",6,0.175695461200586
"1091","crypto",2023-05-01,"",2,0.0581564408258215
"1092","crypto",2023-05-01,"cy",2,0.0581564408258215
"1093","crypto",2023-05-01,"de",74,2.15178831055539
"1094","crypto",2023-05-01,"en",188,5.46670543762722
"1095","crypto",2023-05-01,"fr",6,0.174469322477464
"1096","crypto",2023-05-01,"hu",2,0.0581564408258215
"1097","crypto",2023-05-01,"it",9,0.261703983716197
"1098","crypto",2023-05-01,"mk",1,0.0290782204129107
"1099","crypto",2023-05-01,"nl",2,0.0581564408258215
"1100","crypto",2023-05-01,"ro",2,0.0581564408258215
"1101","crypto",2023-05-01,"ru",7,0.203547542890375
"1102","crypto",2023-05-01,"uk",4,0.116312881651643
"1103","crypto",2023-05-01,"vi",1,0.0290782204129107
"1104","crypto",2023-06-01,"ca",1,0.068259385665529
"1105","crypto",2023-06-01,"de",49,3.34470989761092
"1106","crypto",2023-06-01,"en",220,15.0170648464164
"1107","crypto",2023-06-01,"hr",1,0.068259385665529
"1108","crypto",2023-06-01,"it",4,0.273037542662116
"1109","crypto",2023-06-01,"mk",1,0.068259385665529
"1110","crypto",2023-06-01,"ru",5,0.341296928327645
"1111","crypto",2023-06-01,"uk",2,0.136518771331058
"1112","iban",2018-09-01,"de",1,100
"1113","iban",2018-10-01,"de",1,4.76190476190476
"1114","iban",2018-11-01,"de",2,18.1818181818182
"1115","iban",2019-01-01,"de",1,3.57142857142857
"1116","iban",2019-02-01,"de",2,5.71428571428571
"1117","iban",2019-03-01,"de",3,7.14285714285714
"1118","iban",2019-04-01,"de",2,3.7037037037037
"1119","iban",2019-05-01,"de",2,3.44827586206897
"1120","iban",2019-06-01,"de",5,8.33333333333333
"1121","iban",2019-07-01,"de",5,10.2040816326531
"1122","iban",2019-08-01,"de",6,11.3207547169811
"1123","iban",2019-09-01,"de",18,26.865671641791
"1124","iban",2019-10-01,"de",5,12.8205128205128
"1125","iban",2019-10-01,"en",1,2.56410256410256
"1126","iban",2019-11-01,"de",4,3.57142857142857
"1127","iban",2019-12-01,"de",7,8.53658536585366
"1128","iban",2020-01-01,"de",22,11.5183246073298
"1129","iban",2020-01-01,"fr",1,0.523560209424084
"1130","iban",2020-02-01,"de",16,6.17760617760618
"1131","iban",2020-03-01,"de",16,7.84313725490196
"1132","iban",2020-04-01,"de",17,11.5646258503401
"1133","iban",2020-05-01,"de",35,16.9902912621359
"1134","iban",2020-05-01,"en",1,0.485436893203883
"1135","iban",2020-06-01,"de",31,5.48672566371681
"1136","iban",2020-07-01,"de",42,4.30327868852459
"1137","iban",2020-07-01,"es",1,0.102459016393443
"1138","iban",2020-08-01,"de",51,6.52173913043478
"1139","iban",2020-08-01,"ru",1,0.127877237851662
"1140","iban",2020-09-01,"de",65,6.63942798774259
"1141","iban",2020-10-01,"de",168,9.61648540354894
"1142","iban",2020-10-01,"en",1,0.0572409845449342
"1143","iban",2020-10-01,"fr",1,0.0572409845449342
"1144","iban",2020-11-01,"de",394,18.1316152784169
"1145","iban",2020-11-01,"en",10,0.460193281178095
"1146","iban",2020-12-01,"de",322,16.2708438605356
"1147","iban",2021-01-01,"de",315,11.3718411552347
"1148","iban",2021-01-01,"fr",1,0.036101083032491
"1149","iban",2021-01-01,"it",1,0.036101083032491
"1150","iban",2021-02-01,"de",517,18.718320057929
"1151","iban",2021-02-01,"en",11,0.398262128892107
"1152","iban",2021-02-01,"nl",1,0.0362056480811006
"1153","iban",2021-02-01,"ro",1,0.0362056480811006
"1154","iban",2021-03-01,"de",572,16.2823797324224
"1155","iban",2021-03-01,"en",4,0.113862795331625
"1156","iban",2021-04-01,"de",1004,24.6138759499877
"1157","iban",2021-04-01,"en",5,0.122579063495955
"1158","iban",2021-04-01,"it",5,0.122579063495955
"1159","iban",2021-05-01,"de",1091,18.1712191872085
"1160","iban",2021-05-01,"en",6,0.0999333777481679
"1161","iban",2021-06-01,"",1,0.020639834881321
"1162","iban",2021-06-01,"da",1,0.020639834881321
"1163","iban",2021-06-01,"de",1444,29.8039215686275
"1164","iban",2021-06-01,"en",35,0.722394220846233
"1165","iban",2021-07-01,"da",1,0.0210039907582441
"1166","iban",2021-07-01,"de",1052,22.0961982776728
"1167","iban",2021-07-01,"en",5,0.10501995379122
"1168","iban",2021-07-01,"fr",8,0.168031926065953
"1169","iban",2021-07-01,"it",1,0.0210039907582441
"1170","iban",2021-08-01,"",1,0.0207296849087894
"1171","iban",2021-08-01,"de",1200,24.8756218905473
"1172","iban",2021-08-01,"en",11,0.228026533996683
"1173","iban",2021-08-01,"fr",2,0.0414593698175788
"1174","iban",2021-08-01,"it",5,0.103648424543947
"1175","iban",2021-09-01,"de",1154,27.9081015719468
"1176","iban",2021-09-01,"en",11,0.26602176541717
"1177","iban",2021-09-01,"it",2,0.0483675937122128
"1178","iban",2021-09-01,"nl",2,0.0483675937122128
"1179","iban",2021-10-01,"ca",1,0.0240558094779889
"1180","iban",2021-10-01,"de",1028,24.7293721433726
"1181","iban",2021-10-01,"en",17,0.408948761125812
"1182","iban",2021-10-01,"fr",2,0.0481116189559779
"1183","iban",2021-10-01,"nl",3,0.0721674284339668
"1184","iban",2021-11-01,"",2,0.0471253534401508
"1185","iban",2021-11-01,"de",1075,25.329877474081
"1186","iban",2021-11-01,"en",28,0.659754948162111
"1187","iban",2021-11-01,"fr",21,0.494816211121583
"1188","iban",2021-11-01,"it",1,0.0235626767200754
"1189","iban",2021-11-01,"sk",1,0.0235626767200754
"1190","iban",2021-12-01,"",1,0.0142918393597256
"1191","iban",2021-12-01,"de",1008,14.4061740746034
"1192","iban",2021-12-01,"en",4,0.0571673574389024
"1193","iban",2021-12-01,"es",1,0.0142918393597256
"1194","iban",2021-12-01,"fr",2,0.0285836787194512
"1195","iban",2021-12-01,"mk",1,0.0142918393597256
"1196","iban",2022-01-01,"af",1,0.01020199959192
"1197","iban",2022-01-01,"de",1278,13.0381554784738
"1198","iban",2022-01-01,"en",13,0.13262599469496
"1199","iban",2022-01-01,"fr",1,0.01020199959192
"1200","iban",2022-01-01,"nl",2,0.02040399918384
"1201","iban",2022-02-01,"de",1122,17.7672209026128
"1202","iban",2022-02-01,"en",5,0.0791765637371338
"1203","iban",2022-02-01,"it",5,0.0791765637371338
"1204","iban",2022-02-01,"nl",4,0.063341250989707
"1205","iban",2022-02-01,"no",1,0.0158353127474268
"1206","iban",2022-03-01,"",1,0.0175070028011204
"1207","iban",2022-03-01,"da",1,0.0175070028011204
"1208","iban",2022-03-01,"de",1267,22.1813725490196
"1209","iban",2022-03-01,"en",2,0.0350140056022409
"1210","iban",2022-03-01,"es",1,0.0175070028011204
"1211","iban",2022-03-01,"hr",1,0.0175070028011204
"1212","iban",2022-03-01,"it",1,0.0175070028011204
"1213","iban",2022-03-01,"ru",1,0.0175070028011204
"1214","iban",2022-04-01,"de",924,20.919175911252
"1215","iban",2022-04-01,"en",7,0.158478605388273
"1216","iban",2022-04-01,"es",1,0.0226398007697532
"1217","iban",2022-04-01,"mk",1,0.0226398007697532
"1218","iban",2022-04-01,"nl",2,0.0452796015395064
"1219","iban",2022-04-01,"ru",1,0.0226398007697532
"1220","iban",2022-05-01,"de",743,19.6664902064584
"1221","iban",2022-05-01,"en",2,0.0529380624669137
"1222","iban",2022-05-01,"es",3,0.0794070937003706
"1223","iban",2022-05-01,"fr",35,0.92641609317099
"1224","iban",2022-05-01,"it",1,0.0264690312334569
"1225","iban",2022-06-01,"",1,0.0233754090696587
"1226","iban",2022-06-01,"de",766,17.9055633473586
"1227","iban",2022-06-01,"en",18,0.420757363253857
"1228","iban",2022-06-01,"fr",5,0.116877045348294
"1229","iban",2022-06-01,"it",1,0.0233754090696587
"1230","iban",2022-07-01,"de",674,17.224635829287
"1231","iban",2022-07-01,"en",1,0.0255558395093279
"1232","iban",2022-08-01,"de",735,18.027961736571
"1233","iban",2022-08-01,"en",1,0.0245278390973755
"1234","iban",2022-08-01,"fr",1,0.0245278390973755
"1235","iban",2022-08-01,"it",2,0.049055678194751
"1236","iban",2022-08-01,"nl",1,0.0245278390973755
"1237","iban",2022-09-01,"de",713,15.9222867351496
"1238","iban",2022-09-01,"en",1,0.0223313979455114
"1239","iban",2022-09-01,"it",7,0.15631978561858
"1240","iban",2022-10-01,"da",1,0.0262605042016807
"1241","iban",2022-10-01,"de",619,16.2552521008403
"1242","iban",2022-10-01,"en",3,0.078781512605042
"1243","iban",2022-10-01,"fr",1,0.0262605042016807
"1244","iban",2022-11-01,"",1,0.024390243902439
"1245","iban",2022-11-01,"de",705,17.1951219512195
"1246","iban",2022-11-01,"en",1,0.024390243902439
"1247","iban",2022-11-01,"es",1,0.024390243902439
"1248","iban",2022-11-01,"fr",2,0.048780487804878
"1249","iban",2022-11-01,"it",1,0.024390243902439
"1250","iban",2022-11-01,"mk",7,0.170731707317073
"1251","iban",2022-12-01,"de",625,19.3080012357121
"1252","iban",2022-12-01,"en",7,0.216249613839975
"1253","iban",2022-12-01,"es",1,0.0308928019771393
"1254","iban",2022-12-01,"fr",1,0.0308928019771393
"1255","iban",2022-12-01,"it",2,0.0617856039542787
"1256","iban",2022-12-01,"mk",1,0.0308928019771393
"1257","iban",2023-01-01,"de",582,16.2569832402235
"1258","iban",2023-01-01,"en",2,0.0558659217877095
"1259","iban",2023-01-01,"es",1,0.0279329608938547
"1260","iban",2023-01-01,"it",1,0.0279329608938547
"1261","iban",2023-02-01,"de",577,20.2669476642079
"1262","iban",2023-02-01,"en",6,0.210748155953635
"1263","iban",2023-02-01,"et",1,0.0351246926589392
"1264","iban",2023-02-01,"it",6,0.210748155953635
"1265","iban",2023-02-01,"so",2,0.0702493853178785
"1266","iban",2023-03-01,"bg",4,0.0982077093051805
"1267","iban",2023-03-01,"de",950,23.3243309599804
"1268","iban",2023-03-01,"en",2,0.0491038546525902
"1269","iban",2023-03-01,"es",1,0.0245519273262951
"1270","iban",2023-03-01,"fr",3,0.0736557819788853
"1271","iban",2023-03-01,"mk",1,0.0245519273262951
"1272","iban",2023-03-01,"nl",1,0.0245519273262951
"1273","iban",2023-04-01,"de",910,26.6471449487555
"1274","iban",2023-04-01,"en",3,0.0878477306002928
"1275","iban",2023-04-01,"es",3,0.0878477306002928
"1276","iban",2023-04-01,"fr",1,0.0292825768667643
"1277","iban",2023-05-01,"",1,0.0290782204129107
"1278","iban",2023-05-01,"bg",1,0.0290782204129107
"1279","iban",2023-05-01,"de",916,26.6356498982262
"1280","iban",2023-05-01,"en",2,0.0581564408258215
"1281","iban",2023-05-01,"es",3,0.0872346612387322
"1282","iban",2023-05-01,"fr",7,0.203547542890375
"1283","iban",2023-05-01,"it",10,0.290782204129107
"1284","iban",2023-05-01,"mk",1,0.0290782204129107
"1285","iban",2023-05-01,"nl",1,0.0290782204129107
"1286","iban",2023-05-01,"ru",3,0.0872346612387322
"1287","iban",2023-06-01,"de",374,25.5290102389079
"1288","iban",2023-06-01,"es",3,0.204778156996587
"1289","iban",2023-06-01,"mk",1,0.068259385665529
"1290","paypal",2017-10-01,"it",1,50
"1291","paypal",2018-01-01,"it",2,66.6666666666667
"1292","paypal",2018-05-01,"it",1,100
"1293","paypal",2018-06-01,"de",1,50
"1294","paypal",2018-07-01,"de",1,25
"1295","paypal",2018-08-01,"de",1,100
"1296","paypal",2018-10-01,"it",1,4.76190476190476
"1297","paypal",2018-10-01,"ru",1,4.76190476190476
"1298","paypal",2019-01-01,"de",1,3.57142857142857
"1299","paypal",2019-01-01,"it",3,10.7142857142857
"1300","paypal",2019-02-01,"de",1,2.85714285714286
"1301","paypal",2019-02-01,"it",10,28.5714285714286
"1302","paypal",2019-02-01,"tl",1,2.85714285714286
"1303","paypal",2019-03-01,"it",10,23.8095238095238
"1304","paypal",2019-04-01,"de",12,22.2222222222222
"1305","paypal",2019-04-01,"en",1,1.85185185185185
"1306","paypal",2019-04-01,"it",16,29.6296296296296
"1307","paypal",2019-05-01,"de",4,6.89655172413793
"1308","paypal",2019-05-01,"it",23,39.6551724137931
"1309","paypal",2019-06-01,"de",4,6.66666666666667
"1310","paypal",2019-06-01,"en",1,1.66666666666667
"1311","paypal",2019-06-01,"it",24,40
"1312","paypal",2019-07-01,"de",6,12.2448979591837
"1313","paypal",2019-07-01,"en",4,8.16326530612245
"1314","paypal",2019-07-01,"it",20,40.8163265306122
"1315","paypal",2019-08-01,"de",7,13.2075471698113
"1316","paypal",2019-08-01,"en",8,15.0943396226415
"1317","paypal",2019-09-01,"de",12,17.910447761194
"1318","paypal",2019-09-01,"en",9,13.4328358208955
"1319","paypal",2019-09-01,"it",6,8.95522388059701
"1320","paypal",2019-09-01,"nl",1,1.49253731343284
"1321","paypal",2019-10-01,"de",9,23.0769230769231
"1322","paypal",2019-10-01,"en",5,12.8205128205128
"1323","paypal",2019-11-01,"",1,0.892857142857143
"1324","paypal",2019-11-01,"de",11,9.82142857142857
"1325","paypal",2019-11-01,"en",1,0.892857142857143
"1326","paypal",2019-11-01,"it",69,61.6071428571429
"1327","paypal",2019-12-01,"de",11,13.4146341463415
"1328","paypal",2019-12-01,"en",2,2.4390243902439
"1329","paypal",2019-12-01,"it",34,41.4634146341463
"1330","paypal",2020-01-01,"de",17,8.90052356020942
"1331","paypal",2020-01-01,"en",2,1.04712041884817
"1332","paypal",2020-01-01,"it",1,0.523560209424084
"1333","paypal",2020-02-01,"",1,0.386100386100386
"1334","paypal",2020-02-01,"de",27,10.4247104247104
"1335","paypal",2020-02-01,"en",3,1.15830115830116
"1336","paypal",2020-03-01,"de",18,8.82352941176471
"1337","paypal",2020-03-01,"en",4,1.96078431372549
"1338","paypal",2020-03-01,"es",3,1.47058823529412
"1339","paypal",2020-03-01,"it",7,3.43137254901961
"1340","paypal",2020-04-01,"",1,0.680272108843537
"1341","paypal",2020-04-01,"de",14,9.52380952380952
"1342","paypal",2020-04-01,"en",4,2.72108843537415
"1343","paypal",2020-04-01,"es",2,1.36054421768707
"1344","paypal",2020-04-01,"id",2,1.36054421768707
"1345","paypal",2020-04-01,"it",4,2.72108843537415
"1346","paypal",2020-05-01,"de",26,12.621359223301
"1347","paypal",2020-05-01,"el",1,0.485436893203883
"1348","paypal",2020-05-01,"en",1,0.485436893203883
"1349","paypal",2020-05-01,"it",3,1.45631067961165
"1350","paypal",2020-06-01,"de",33,5.84070796460177
"1351","paypal",2020-06-01,"el",1,0.176991150442478
"1352","paypal",2020-06-01,"en",3,0.530973451327434
"1353","paypal",2020-06-01,"fr",1,0.176991150442478
"1354","paypal",2020-06-01,"it",1,0.176991150442478
"1355","paypal",2020-07-01,"",4,0.40983606557377
"1356","paypal",2020-07-01,"de",110,11.2704918032787
"1357","paypal",2020-07-01,"en",1,0.102459016393443
"1358","paypal",2020-08-01,"",1,0.127877237851662
"1359","paypal",2020-08-01,"de",155,19.8209718670077
"1360","paypal",2020-08-01,"en",3,0.383631713554987
"1361","paypal",2020-08-01,"it",1,0.127877237851662
"1362","paypal",2020-09-01,"de",258,26.3534218590398
"1363","paypal",2020-09-01,"en",5,0.510725229826353
"1364","paypal",2020-09-01,"it",9,0.919305413687436
"1365","paypal",2020-10-01,"",2,0.114481969089868
"1366","paypal",2020-10-01,"de",729,41.728677733257
"1367","paypal",2020-10-01,"en",6,0.343445907269605
"1368","paypal",2020-10-01,"fr",4,0.228963938179737
"1369","paypal",2020-10-01,"it",53,3.03377218088151
"1370","paypal",2020-11-01,"",6,0.276115968706857
"1371","paypal",2020-11-01,"de",892,41.0492406810861
"1372","paypal",2020-11-01,"en",9,0.414173953060285
"1373","paypal",2020-11-01,"fr",1,0.0460193281178095
"1374","paypal",2020-11-01,"it",20,0.92038656235619
"1375","paypal",2020-12-01,"",2,0.101061141990905
"1376","paypal",2020-12-01,"de",1031,52.0970186963113
"1377","paypal",2020-12-01,"en",16,0.808489135927236
"1378","paypal",2020-12-01,"es",2,0.101061141990905
"1379","paypal",2020-12-01,"fr",7,0.353713996968166
"1380","paypal",2020-12-01,"it",7,0.353713996968166
"1381","paypal",2021-01-01,"de",1348,48.6642599277978
"1382","paypal",2021-01-01,"en",68,2.45487364620939
"1383","paypal",2021-01-01,"es",4,0.144404332129964
"1384","paypal",2021-01-01,"id",3,0.108303249097473
"1385","paypal",2021-01-01,"it",11,0.397111913357401
"1386","paypal",2021-02-01,"de",1191,43.1209268645909
"1387","paypal",2021-02-01,"en",78,2.82404055032585
"1388","paypal",2021-02-01,"fr",3,0.108616944243302
"1389","paypal",2021-02-01,"id",2,0.0724112961622013
"1390","paypal",2021-02-01,"it",20,0.724112961622013
"1391","paypal",2021-02-01,"pt",1,0.0362056480811006
"1392","paypal",2021-02-01,"ro",1,0.0362056480811006
"1393","paypal",2021-03-01,"",10,0.284656988329063
"1394","paypal",2021-03-01,"de",1595,45.4027896384856
"1395","paypal",2021-03-01,"en",205,5.8354682607458
"1396","paypal",2021-03-01,"fr",16,0.455451181326502
"1397","paypal",2021-03-01,"it",41,1.16709365214916
"1398","paypal",2021-03-01,"ro",1,0.0284656988329063
"1399","paypal",2021-04-01,"",13,0.318705565089483
"1400","paypal",2021-04-01,"de",1991,48.8109830840892
"1401","paypal",2021-04-01,"en",45,1.10321157146359
"1402","paypal",2021-04-01,"es",2,0.049031625398382
"1403","paypal",2021-04-01,"fr",44,1.0786957587644
"1404","paypal",2021-04-01,"it",96,2.35351801912233
"1405","paypal",2021-04-01,"pt",4,0.0980632507967639
"1406","paypal",2021-05-01,"",5,0.0832778147901399
"1407","paypal",2021-05-01,"ca",1,0.016655562958028
"1408","paypal",2021-05-01,"de",3069,51.1159227181879
"1409","paypal",2021-05-01,"en",142,2.36508994003997
"1410","paypal",2021-05-01,"es",2,0.033311125916056
"1411","paypal",2021-05-01,"fr",62,1.03264490339773
"1412","paypal",2021-05-01,"it",147,2.44836775483011
"1413","paypal",2021-05-01,"nl",1,0.016655562958028
"1414","paypal",2021-05-01,"no",1,0.016655562958028
"1415","paypal",2021-05-01,"pt",6,0.0999333777481679
"1416","paypal",2021-06-01,"",9,0.185758513931889
"1417","paypal",2021-06-01,"de",2081,42.9514963880289
"1418","paypal",2021-06-01,"el",1,0.020639834881321
"1419","paypal",2021-06-01,"en",83,1.71310629514964
"1420","paypal",2021-06-01,"es",3,0.0619195046439629
"1421","paypal",2021-06-01,"fr",99,2.04334365325077
"1422","paypal",2021-06-01,"hu",1,0.020639834881321
"1423","paypal",2021-06-01,"it",124,2.5593395252838
"1424","paypal",2021-06-01,"pt",4,0.0825593395252838
"1425","paypal",2021-06-01,"ru",1,0.020639834881321
"1426","paypal",2021-07-01,"",5,0.10501995379122
"1427","paypal",2021-07-01,"de",2510,52.7200168031926
"1428","paypal",2021-07-01,"en",123,2.58349086326402
"1429","paypal",2021-07-01,"es",1,0.0210039907582441
"1430","paypal",2021-07-01,"fr",69,1.44927536231884
"1431","paypal",2021-07-01,"it",75,1.5752993068683
"1432","paypal",2021-07-01,"pt",1,0.0210039907582441
"1433","paypal",2021-07-01,"sv",7,0.147027935307708
"1434","paypal",2021-08-01,"",2,0.0414593698175788
"1435","paypal",2021-08-01,"de",2233,46.2893864013267
"1436","paypal",2021-08-01,"en",108,2.23880597014925
"1437","paypal",2021-08-01,"es",23,0.476782752902156
"1438","paypal",2021-08-01,"fr",81,1.67910447761194
"1439","paypal",2021-08-01,"it",116,2.40464344941957
"1440","paypal",2021-08-01,"ru",4,0.0829187396351575
"1441","paypal",2021-09-01,"bg",1,0.0241837968561064
"1442","paypal",2021-09-01,"de",1365,33.0108827085852
"1443","paypal",2021-09-01,"en",157,3.79685610640871
"1444","paypal",2021-09-01,"es",7,0.169286577992745
"1445","paypal",2021-09-01,"fr",85,2.05562273276904
"1446","paypal",2021-09-01,"it",94,2.273276904474
"1447","paypal",2021-09-01,"ru",5,0.120918984280532
"1448","paypal",2021-10-01,"",3,0.0721674284339668
"1449","paypal",2021-10-01,"de",1667,40.1010343998076
"1450","paypal",2021-10-01,"en",135,3.24753427952851
"1451","paypal",2021-10-01,"es",8,0.192446475823911
"1452","paypal",2021-10-01,"fr",29,0.697618474861679
"1453","paypal",2021-10-01,"it",50,1.20279047389945
"1454","paypal",2021-10-01,"nl",3,0.0721674284339668
"1455","paypal",2021-11-01,"cs",1,0.0235626767200754
"1456","paypal",2021-11-01,"de",1564,36.8520263901979
"1457","paypal",2021-11-01,"en",101,2.37983034872762
"1458","paypal",2021-11-01,"es",2,0.0471253534401508
"1459","paypal",2021-11-01,"fr",8,0.188501413760603
"1460","paypal",2021-11-01,"hr",1,0.0235626767200754
"1461","paypal",2021-11-01,"it",61,1.4373232799246
"1462","paypal",2021-11-01,"nl",1,0.0235626767200754
"1463","paypal",2021-11-01,"pt",1,0.0235626767200754
"1464","paypal",2021-12-01,"ca",1,0.0142918393597256
"1465","paypal",2021-12-01,"de",2253,32.1995140774618
"1466","paypal",2021-12-01,"en",145,2.07231670716021
"1467","paypal",2021-12-01,"es",8,0.114334714877805
"1468","paypal",2021-12-01,"fr",171,2.44390453051308
"1469","paypal",2021-12-01,"it",62,0.886094040302987
"1470","paypal",2021-12-01,"nl",1,0.0142918393597256
"1471","paypal",2021-12-01,"pt",1,0.0142918393597256
"1472","paypal",2022-01-01,"",2,0.02040399918384
"1473","paypal",2022-01-01,"de",3542,36.1354825545807
"1474","paypal",2022-01-01,"en",77,0.785553968577841
"1475","paypal",2022-01-01,"es",8,0.0816159967353601
"1476","paypal",2022-01-01,"fr",605,6.17220975311161
"1477","paypal",2022-01-01,"it",52,0.530503978779841
"1478","paypal",2022-01-01,"nl",2,0.02040399918384
"1479","paypal",2022-01-01,"sq",2,0.02040399918384
"1480","paypal",2022-02-01,"ca",3,0.0475059382422803
"1481","paypal",2022-02-01,"de",2065,32.6999208234363
"1482","paypal",2022-02-01,"en",53,0.839271575613618
"1483","paypal",2022-02-01,"es",12,0.190023752969121
"1484","paypal",2022-02-01,"fr",402,6.36579572446556
"1485","paypal",2022-02-01,"it",143,2.26444972288203
"1486","paypal",2022-03-01,"",1,0.0175070028011204
"1487","paypal",2022-03-01,"af",1,0.0175070028011204
"1488","paypal",2022-03-01,"ca",1,0.0175070028011204
"1489","paypal",2022-03-01,"de",1594,27.906162464986
"1490","paypal",2022-03-01,"en",41,0.717787114845938
"1491","paypal",2022-03-01,"es",34,0.595238095238095
"1492","paypal",2022-03-01,"fr",397,6.95028011204482
"1493","paypal",2022-03-01,"it",120,2.10084033613445
"1494","paypal",2022-03-01,"nl",1,0.0175070028011204
"1495","paypal",2022-04-01,"",3,0.0679194023092597
"1496","paypal",2022-04-01,"ca",1,0.0226398007697532
"1497","paypal",2022-04-01,"de",1243,28.1412723568033
"1498","paypal",2022-04-01,"en",63,1.42630744849445
"1499","paypal",2022-04-01,"es",25,0.565995019243831
"1500","paypal",2022-04-01,"fr",624,14.127235680326
"1501","paypal",2022-04-01,"it",64,1.44894724926421
"1502","paypal",2022-04-01,"pt",1,0.0226398007697532
"1503","paypal",2022-04-01,"ru",2,0.0452796015395064
"1504","paypal",2022-05-01,"",1,0.0264690312334569
"1505","paypal",2022-05-01,"de",1258,33.2980412916887
"1506","paypal",2022-05-01,"en",141,3.73213340391742
"1507","paypal",2022-05-01,"es",31,0.820539968237162
"1508","paypal",2022-05-01,"fr",348,9.21122286924298
"1509","paypal",2022-05-01,"it",47,1.24404446797247
"1510","paypal",2022-06-01,"de",1654,38.6629266012155
"1511","paypal",2022-06-01,"en",109,2.5479195885928
"1512","paypal",2022-06-01,"es",3,0.0701262272089762
"1513","paypal",2022-06-01,"fr",64,1.49602618045816
"1514","paypal",2022-06-01,"it",49,1.14539504441328
"1515","paypal",2022-07-01,"",1,0.0255558395093279
"1516","paypal",2022-07-01,"de",1347,34.4237158190647
"1517","paypal",2022-07-01,"en",83,2.12113467927421
"1518","paypal",2022-07-01,"es",1,0.0255558395093279
"1519","paypal",2022-07-01,"fr",74,1.89113212369026
"1520","paypal",2022-07-01,"hr",1,0.0255558395093279
"1521","paypal",2022-07-01,"it",58,1.48223869154102
"1522","paypal",2022-07-01,"lv",1,0.0255558395093279
"1523","paypal",2022-07-01,"nl",2,0.0511116790186558
"1524","paypal",2022-07-01,"sk",1,0.0255558395093279
"1525","paypal",2022-08-01,"",1,0.0245278390973755
"1526","paypal",2022-08-01,"ca",3,0.0735835172921266
"1527","paypal",2022-08-01,"de",1026,25.1655629139073
"1528","paypal",2022-08-01,"en",92,2.25656119695855
"1529","paypal",2022-08-01,"es",2,0.049055678194751
"1530","paypal",2022-08-01,"fr",172,4.21878832474859
"1531","paypal",2022-08-01,"it",185,4.53765023301447
"1532","paypal",2022-08-01,"nl",2,0.049055678194751
"1533","paypal",2022-09-01,"de",1497,33.4301027244305
"1534","paypal",2022-09-01,"en",80,1.78651183564091
"1535","paypal",2022-09-01,"fr",207,4.62259937472086
"1536","paypal",2022-09-01,"it",182,4.06431442608307
"1537","paypal",2022-09-01,"no",1,0.0223313979455114
"1538","paypal",2022-10-01,"da",1,0.0262605042016807
"1539","paypal",2022-10-01,"de",1502,39.4432773109244
"1540","paypal",2022-10-01,"en",95,2.49474789915966
"1541","paypal",2022-10-01,"es",3,0.078781512605042
"1542","paypal",2022-10-01,"fr",67,1.7594537815126
"1543","paypal",2022-10-01,"it",178,4.67436974789916
"1544","paypal",2022-10-01,"nl",4,0.105042016806723
"1545","paypal",2022-10-01,"ru",1,0.0262605042016807
"1546","paypal",2022-11-01,"",2,0.048780487804878
"1547","paypal",2022-11-01,"de",1609,39.2439024390244
"1548","paypal",2022-11-01,"en",89,2.17073170731707
"1549","paypal",2022-11-01,"fr",23,0.560975609756098
"1550","paypal",2022-11-01,"it",151,3.68292682926829
"1551","paypal",2022-11-01,"mk",8,0.195121951219512
"1552","paypal",2022-11-01,"nl",2,0.048780487804878
"1553","paypal",2022-11-01,"ru",2,0.048780487804878
"1554","paypal",2022-12-01,"de",1336,41.2727834414581
"1555","paypal",2022-12-01,"en",57,1.76088971269694
"1556","paypal",2022-12-01,"fr",6,0.185356811862836
"1557","paypal",2022-12-01,"it",150,4.6339202965709
"1558","paypal",2022-12-01,"mk",1,0.0308928019771393
"1559","paypal",2022-12-01,"nl",1,0.0308928019771393
"1560","paypal",2023-01-01,"de",1535,42.877094972067
"1561","paypal",2023-01-01,"en",100,2.79329608938547
"1562","paypal",2023-01-01,"es",1,0.0279329608938547
"1563","paypal",2023-01-01,"fr",38,1.06145251396648
"1564","paypal",2023-01-01,"it",230,6.42458100558659
"1565","paypal",2023-02-01,"",2,0.0702493853178785
"1566","paypal",2023-02-01,"de",1194,41.9388830347734
"1567","paypal",2023-02-01,"en",53,1.86160871092378
"1568","paypal",2023-02-01,"es",3,0.105374077976818
"1569","paypal",2023-02-01,"fr",71,2.49385317878469
"1570","paypal",2023-02-01,"it",154,5.40920266947664
"1571","paypal",2023-02-01,"nl",1,0.0351246926589392
"1572","paypal",2023-02-01,"ru",2,0.0702493853178785
"1573","paypal",2023-03-01,"de",1653,40.5843358703658
"1574","paypal",2023-03-01,"en",34,0.834765529094034
"1575","paypal",2023-03-01,"fr",204,5.0085931745642
"1576","paypal",2023-03-01,"it",514,12.6196906457157
"1577","paypal",2023-03-01,"mk",1,0.0245519273262951
"1578","paypal",2023-03-01,"ru",1,0.0245519273262951
"1579","paypal",2023-04-01,"",1,0.0292825768667643
"1580","paypal",2023-04-01,"ca",2,0.0585651537335286
"1581","paypal",2023-04-01,"de",1377,40.3221083455344
"1582","paypal",2023-04-01,"en",57,1.66910688140556
"1583","paypal",2023-04-01,"fr",236,6.91068814055637
"1584","paypal",2023-04-01,"it",266,7.7891654465593
"1585","paypal",2023-04-01,"mk",1,0.0292825768667643
"1586","paypal",2023-04-01,"pl",1,0.0292825768667643
"1587","paypal",2023-04-01,"ro",3,0.0878477306002928
"1588","paypal",2023-04-01,"uk",1,0.0292825768667643
"1589","paypal",2023-05-01,"",1,0.0290782204129107
"1590","paypal",2023-05-01,"de",1284,37.3364350101774
"1591","paypal",2023-05-01,"en",43,1.25036347775516
"1592","paypal",2023-05-01,"es",1,0.0290782204129107
"1593","paypal",2023-05-01,"fr",87,2.52980517592323
"1594","paypal",2023-05-01,"hr",4,0.116312881651643
"1595","paypal",2023-05-01,"it",323,9.39226519337017
"1596","paypal",2023-05-01,"nl",2,0.0581564408258215
"1597","paypal",2023-05-01,"ro",1,0.0290782204129107
"1598","paypal",2023-06-01,"de",494,33.7201365187713
"1599","paypal",2023-06-01,"en",34,2.32081911262799
"1600","paypal",2023-06-01,"fr",45,3.07167235494881
"1601","paypal",2023-06-01,"hu",1,0.068259385665529
"1602","paypal",2023-06-01,"it",98,6.68941979522184
"1603","paypal",2023-06-01,"mk",2,0.136518771331058
"1604","paypal",2023-06-01,"nl",1,0.068259385665529
"1605","paypal",2023-06-01,"ro",1,0.068259385665529
